-1.026004448307239914e+00,2.800135807105459951e-01,1.730474949546700003e+00,1.685609763162740027e+00
-6.250392678492570075e-01,1.248648398282780070e+00,1.064929921917580069e+00,1.028094778437669943e+00
-4.028848352990759829e-01,-1.532198726287530066e+00,-1.257584723451979913e+00,-2.253493504055759988e+00
-3.332073836694199875e-01,1.394568124736039971e+00,1.474364144654980002e+00,2.795112411862589852e+00
-3.706600317924089727e-01,1.282453003525680035e+00,1.479919827887140049e-01,1.600429887479509983e+00
-6.279060760393709861e-01,-4.049473610488160125e-01,-5.601808215484259668e-01,-9.591105295367270689e-02
1.360652448530009995e+00,2.217896338332140171e+00,1.007745920067590006e+00,-2.224336166372239965e-01
-3.475425993977330208e-01,3.703652100569529981e-01,1.369989968851349937e+00,2.051952123618990154e+00
1.843862005232210111e+00,2.401263209756680173e+00,-2.552946158689169964e-01,1.426831645869099940e+00
-4.224968323396249836e-01,5.332070239019229829e-01,-3.574620498817629999e-01,1.332437875471540023e+00
6.879167729758279837e-01,-1.131454499597299990e-01,5.102103697553880268e-01,2.423959567842799867e+00
-4.992920171722610156e-01,-8.619999260055100088e-01,-1.349523956695829918e+00,-7.707839524110310370e-01
-6.111659166804209731e-01,1.674913225003539896e+00,1.434007025636280019e+00,1.544299112802469898e+00
-1.185480084597309913e+00,-3.584030817418050185e-01,-8.755937676689200255e-02,-1.895405397049469975e-01
-2.651450566963530209e-01,1.064060644622639940e+00,9.350901599808929543e-01,1.701472678289720042e+00
-3.636572970952530182e-01,-1.788116653760170038e+00,-1.256393005078549896e+00,-2.605319683397520070e+00
-5.618763635497829867e-01,7.294729506087399562e-01,8.966891402663510480e-01,6.047918103052479788e-01
-1.532902002890599968e+00,-7.151134059119199637e-01,1.699417401785580095e+00,2.368554361044279855e+00
-1.331509643289439937e-01,4.308811417682890110e-01,-6.263594131342099802e-02,6.502509929543579537e-01
8.920722307329449763e-02,-2.266291810339980117e-01,-2.377915406864750114e-01,-4.793440017396560227e-01
8.496430456333550207e-01,2.413408222020580141e+00,-4.081668007351120231e-01,-4.118165626718749972e-01
-5.774680010595569790e-01,-2.491835667367280127e+00,-2.188052742203160150e+00,-4.603270080894249716e+00
-7.152421872227959776e-01,-6.025825546978460512e-01,5.078294919037810162e-01,1.502324430614090101e-01
-1.992748488688580011e+00,-3.545684220132500064e-01,-8.791619507676400047e-02,-2.801805356755359799e+00
4.114299206157310262e-01,-3.120292306255210146e-01,-3.047880798256820123e-01,-7.225279532709969477e-01
-5.894810385149999998e-01,5.524070087675999607e-01,-4.417457290869160058e-01,-1.409154777813500070e+00
-5.552783513132519833e-01,1.930792449380350106e+00,8.643906339850180309e-01,1.962515332480599950e+00
7.128423200311130303e-01,2.613776608048680172e-01,-2.180757558109809868e-01,-9.637098427559089853e-01
-5.743945521843829560e-01,-2.109205459474150057e+00,-6.384811267777510402e-01,3.663940892174559760e-01
-1.057841676497520006e-01,-4.903276694451059736e-01,-1.828188046514279907e+00,3.404084938757310219e-01
1.390978571617710047e-01,-3.495832682443619888e+00,-1.823236136741889890e+00,-1.789749627719029901e+00
-5.584569123481329944e-01,1.307949985238249901e+00,2.239402544572250131e-01,-5.071663824248250352e-01
-2.732481068119250178e-01,-1.676595274316150075e+00,4.333134637890090346e-02,1.043249622068640026e+00
-4.686997797820869893e-01,9.265653327480050105e-01,1.140011665902570082e+00,2.473598615732590211e+00
-7.822018456194029801e-01,-7.332726491940919633e-01,1.403781438644090107e+00,8.508057789877440102e-01
-3.017466638663799938e-01,-1.609587573644100100e-01,7.730858257023239810e-01,-6.078466446487059693e-01
-1.023465135205979953e-01,3.083138768696049858e+00,1.963693890871079928e+00,3.328617373444069827e+00
-2.858454235913839847e-01,2.713159834265350123e-01,-2.133310486885589899e-02,1.951104723850900058e+00
2.710667567505449793e-01,-9.323671607340460188e-01,-1.474368699931539961e+00,-1.971321557091679999e+00
1.071904070161529970e-01,2.668932839154539938e+00,7.549849388193969890e-01,2.295317126899199867e+00
-2.940953271561099758e-01,-4.230795337559850045e-01,-4.620366149570250269e-01,5.554607897758000352e-03
-8.536236967272420317e-01,-1.605599928677500010e+00,-6.427842786138709963e-01,-6.731587146475069838e-01
-1.614039456619120072e+00,-1.893644942165070066e+00,1.632158813265790043e+00,1.542884675874649947e+00
-9.363679391104559602e-02,1.667424975126079900e+00,5.622167737777840346e-02,-2.864212632479039983e-02
2.073811573853069912e-01,7.070999289051349557e-02,-4.248776212407909814e-01,5.379036077919709946e-01
1.538430198896789891e+00,5.691553196794799652e-01,-1.817429741641949925e-01,-5.519464358685129968e-01
-1.861206993734960125e-01,-4.545207497834030108e-01,-4.594856271914939949e-01,-1.071058019076910062e-01
6.164557163514400306e-01,9.792749790920129982e-01,-1.481143572495490002e+00,-9.409928204384649941e-01
2.691661230120899907e-03,-2.999870059268769928e+00,-1.133542220268149991e+00,-9.416950901767370263e-01
3.943948479805849949e-01,1.946524292251389898e+00,6.932745647123510491e-01,1.682900794165520075e+00
-1.582940286999439949e-01,-1.383423550225890031e+00,-1.728220447639220003e+00,-4.918406629597329993e-01
7.422970241865179952e-01,6.861474542749910199e-01,-4.514982764857329856e-01,-6.389322794383740511e-01
-1.852616824241730020e+00,-3.987584737471919993e+00,-7.443296554666020137e-01,-1.308122173730670079e+00
1.615545323207199901e+00,2.372212359497400058e+00,6.456105498013899879e-01,-2.384457352783820039e-01
2.320860223994479998e+00,3.047836538045410215e+00,8.126145814501970488e-01,5.453528994078979952e-01
-6.035312477883379989e-01,-5.947027687897610271e-01,-1.507547854244100094e-01,-5.650261195062420416e-01
-5.272342572339210331e-01,-1.833508349853899988e+00,-1.566626510981289910e-01,8.056805400827490304e-01
-1.139200639973400042e+00,-1.449988366279830077e+00,-5.951713368053730413e-01,-3.599426460645039905e-01
5.620413900990519629e-01,-1.577353916529520061e+00,5.186190064308879855e-01,-4.232193974951140025e-01
3.104500805416460230e-01,-7.314809676911150360e-01,-1.592488261426069918e-01,-6.780922453732529664e-01
-1.629267106984539915e-01,1.449658907201349933e+00,1.475298937386859910e+00,6.954224091968299604e-01
2.285569732621869909e-01,1.940775154035049965e+00,4.699603976971780117e-01,1.491446827645299900e+00
3.314343982278860068e-01,9.956494890731489855e-01,-1.231833232511369974e-01,1.894429671467239951e+00
1.157910466568639940e+00,-1.756638548173389935e+00,-4.388821680702880146e-01,-1.209744436129390088e+00
5.847052602413510547e-01,1.037330400971520072e+00,-7.609590725975490244e-02,4.534153259423430171e-01
5.577309820546030306e-01,1.363463006731159943e+00,-9.601149333967720079e-01,-1.171649461310009910e+00
1.779102666851450021e+00,1.627330840291119907e-01,-1.501940743940560097e+00,-8.089876992440090397e-01
8.006223565097659867e-01,-5.572364132004220538e-01,-6.011026193551559649e-01,-1.691907709394369963e+00
8.251497277682829923e-01,2.171449808548020055e+00,3.223854651948899752e-01,7.935504475367880506e-01
-1.907034326448570072e-01,6.943951120028100110e-01,1.328103638916309892e+00,1.055635033486929997e+00
-5.486273611033229969e-01,1.378471278836529978e-01,-1.266835376774950062e+00,-3.797680232059060246e-01
-6.596094635246349536e-02,-2.214094762954160078e+00,2.130922794987039903e-01,1.370077843765459935e+00
3.488349701765919852e-01,-1.970877740650399890e+00,-5.177844485787369555e-01,-2.184625963937349979e+00
-1.000139589388080036e-01,7.990816298661700401e-01,1.542396132940500042e+00,1.265001349269939901e+00
7.685074318817759487e-01,1.910514917219070075e+00,1.448736435101090070e+00,5.912544545379480043e-01
1.565953233501490016e-01,1.717269948851890105e+00,5.673274529327400062e-01,1.991272753496279968e+00
-6.527743959470200252e-01,1.187030854635710009e-01,9.661024076247749504e-01,3.184792247921659936e+00
-2.174124649229309814e+00,-1.365821499378689907e+00,4.715058355192450201e-01,-1.146927033213489988e+00
3.623521576355450136e-01,1.382883894050690010e+00,1.944750784643159980e+00,2.137097210670320102e+00
-8.525256703145019932e-01,-1.285058233066599942e-01,3.659426059472459802e-01,-2.247276877256489946e-01
-4.222270031896189768e-01,-1.513253244144100007e+00,-7.900559353386099604e-03,-9.029376194709129999e-01
-7.636870419971899734e-03,-1.018778041500749965e-01,8.503080355263730183e-01,-1.885003081080159903e-01
1.125667605220749934e+00,1.174212046019410094e+00,-2.094244359470779845e-02,1.275938051213509894e+00
-6.876564230384439591e-02,1.067071211544989989e-01,3.533568141901459736e-01,6.789209911589819679e-01
-6.791122704578680391e-01,-3.286278995070410214e-01,6.931720947593329463e-01,-1.301038320741080057e+00
-1.863666982495600033e+00,-1.853309320258220039e+00,8.518677902241570399e-01,1.238917603547480040e+00
1.140386825128469894e+00,2.376768500099149861e+00,6.587252456595460437e-01,3.051632913514350065e+00
4.771142453768790204e-01,1.353557710834899952e+00,6.359576800010290354e-01,-3.877581663335710194e-01
4.463130166380960273e-01,-9.269610348221399843e-01,2.066025068049570090e-01,6.668114302171580521e-01
5.572457463789389775e-01,5.041929160009109623e+00,2.760037676320540090e+00,1.187514120401059969e+00
-1.222403382576989994e+00,-1.721541019723140109e-01,6.182464686537230136e-01,6.708951522353180374e-01
-1.502093741676990002e-01,4.020461727388259798e-01,1.744631972520529928e+00,6.710005973925510236e-01
4.783661477940300277e-01,2.213346458356740154e+00,-2.583492635557980144e-01,9.226965223731710131e-01
1.850571703610619956e+00,3.096418854749929839e+00,1.051268103714849911e+00,1.184856143455790045e+00
-5.910171644542849823e-01,-1.721541401310189956e+00,6.152498948127480549e-01,5.530608263829730475e-01
-1.996190505529419901e-01,-2.227208784505089856e+00,-3.413182638450920070e-01,8.850354515171040548e-01
-1.375341647539989921e-02,1.008060533226569966e+00,9.449400069045079675e-01,2.237870060505850134e+00
4.143081641082900224e-01,5.140109043238679787e-01,8.842877892148499896e-02,-1.156951639114359942e+00
1.111380407024689987e+00,1.388711032702439896e+00,-3.998243997472909761e-02,2.930035134344000092e-01
2.791608169396310180e-01,1.372670271729119928e+00,5.790886727288150349e-01,-4.682822193200449901e-01
-7.617067154717989397e-02,1.370108508872279973e+00,1.196148779546599927e+00,2.628134260671250111e+00
1.645341176055850063e-01,1.922082923918460029e+00,1.300792650620770097e+00,1.702625074760230062e+00
9.147522410027559836e-01,-1.299135496138839940e+00,-1.394186577676920002e+00,-4.029044428010950085e+00
-1.584991268209869908e+00,-2.262873562310719899e-01,6.292789907293880325e-02,-1.283378819584390040e+00
1.144262707961859915e+00,1.971987899772569941e+00,4.206710266800540166e-01,-3.391384729056720060e-01
8.993556758567130549e-01,2.613553097744569786e+00,-7.712294046098519540e-02,-1.201819086828699978e+00
-1.644530882802570093e-01,1.200293641469540040e-01,1.183497404420269961e+00,1.737630335887500044e+00
-5.709038863303239619e-01,-5.079030687392469545e-01,-3.350876664774419811e-01,-1.821649745008719901e-01
1.043891348309029965e+00,4.159874355703019888e-01,-1.083172632344229891e+00,-1.005982827279539915e+00
9.982900230522020468e-01,-1.463020093961349966e-01,-5.132920698235210466e-01,-1.195956864455370028e-01
1.071888165670809995e-01,-1.674917013130150067e+00,-9.408936724808200092e-01,-1.333564360922240066e+00
-1.070570534890390002e+00,1.293675524459140025e+00,1.653522678722290085e+00,3.247570629379930018e+00
-2.436448836394450035e-01,-6.465545984038579830e-01,-4.235021316078270148e-01,3.288712367983570029e-01
-3.324228445667239962e-01,-3.559758827995440189e+00,-1.413337561188960034e+00,2.759796013179400265e-01
-1.559075164433769922e+00,-1.126217254988769900e+00,5.237567989507080357e-01,7.600345244907810160e-01
2.036639651161510078e-01,6.416127996935490074e-01,-4.453423563375200067e-02,-4.416904817642819947e-01
-1.289019473848959985e+00,-2.353780037522480217e+00,6.879141275429759839e-01,-1.642808835441359916e+00
-9.414783836963309949e-02,2.153846717977680125e+00,9.911440269390490165e-01,6.149834231572729459e-01
1.019391349052120033e-01,9.863642876360270151e-01,2.863654483611389745e-01,9.766874178042880272e-01
-1.271216971560090059e+00,-1.866095307947650106e+00,-2.400884663950960118e-01,3.833417478288970170e-01
-2.241259990532979973e-01,-2.303452996198100067e+00,-7.684703450905659983e-01,-1.641075433848359966e+00
-1.105814528556329890e+00,-1.960318745204389979e+00,-1.648424607582160029e+00,-2.103209702759340161e+00
1.719041813851799994e+00,2.197697712765999789e+00,-2.302225586515790068e-01,6.888016551591849557e-02
7.664366359450790200e-02,-1.330041739357340047e+00,-5.948295576795830097e-01,-1.697311952536979973e+00
-4.604855659767109755e-01,-2.258587825685209882e+00,-5.036650419104180543e-01,-1.748002992816040102e-01
-6.960183636037789445e-02,-1.184924479357100102e+00,6.383318464211920062e-01,-1.697140460695580055e-01
-2.100753543370690105e-02,-1.422605786970259967e+00,-7.651958674513189562e-01,1.544562977454659869e-01
-3.470278228070859949e-01,-1.699912548021399905e+00,-1.048968817172589940e+00,-2.200287103025329871e-01
-1.077907340112949974e+00,-1.790679745108149978e+00,1.957100603614370105e-01,1.361071428452800047e+00
-1.197740312158799975e-01,2.282929980292350003e-01,-7.874561013614099769e-01,-4.820390001618730103e-01
-1.313071124627029906e-01,-6.129111817871879531e-01,-6.355378667128069869e-01,6.321973995982329564e-01
1.049540712997699909e+00,7.001868495450039864e-01,-1.073839269318239920e+00,-1.175511605936329973e+00
1.956645035600410032e-01,-5.940792125506070276e-01,2.147753776300609929e-01,7.784252269319699713e-02
9.549688611119180326e-01,2.405299921434190136e+00,3.544961971500509845e-01,-7.007051489980460346e-01
-2.202734880097029890e+00,-5.163012672918550372e+00,-8.654703472477339732e-01,7.185172826719029571e-01
3.332049750577790181e-01,-2.059748991246920014e+00,-1.475210580371240088e+00,-8.498002174422050192e-01
-2.256534856249389875e+00,-1.764079905016670002e+00,2.717086596064229864e-01,-4.160721808931779897e-01
3.743452232595039786e-01,2.405374258226769868e+00,1.390385996176060068e+00,4.921674538271150201e-01
-4.704934665312850151e-02,4.373744903127440020e-01,3.434204006701020023e-02,1.051543504794449913e+00
-6.736685812787409633e-01,-3.893097046212759871e+00,-2.497495104332140059e+00,-1.939409742256960056e+00
-8.465555190921250084e-01,1.164517798930470027e+00,2.289212560912980088e+00,2.423350798415489837e+00
1.422269568064509979e-02,2.062056252952329860e+00,1.264270927702040082e+00,1.815966002841230109e+00
3.893308781422200049e-01,-4.343192053886939935e-02,-4.398508875951919750e-01,-3.985298147712679762e-01
2.096292778715490024e-01,1.111506032542419975e+00,1.020257290420429896e+00,6.318303838796279770e-01
-3.213584186609779736e-01,-1.384904778854209872e-01,4.081235450508949869e-01,5.015570613938129529e-01
9.008693397495329824e-01,-1.473577268400930063e+00,-6.898257465173019964e-01,-7.526751912104200359e-01
-2.967830100199159854e-02,-3.055551981136740203e+00,-1.424230917491039916e+00,-2.035955244558949939e+00
5.710088478141009949e-01,1.537021213760380034e-01,-2.384533234356560061e-01,1.050849349898800078e+00
-2.541931101137980153e+00,-3.289705994108250042e+00,8.759470424839760350e-01,1.593107543864610065e+00
1.190310645085520092e+00,3.445886435448339835e+00,3.953125535778000132e-03,-5.680617423957700085e-01
3.306022262944059986e-01,1.843162144115760015e-01,-1.574766329324610026e-01,-5.474004748107870189e-01
2.820740679850429755e-01,-1.984154839680100091e+00,-4.300219194417240209e-01,-5.946534671852380383e-01
-3.321921233109639826e-02,6.944894134577900280e-01,1.751384029865789893e+00,1.201427535883180076e+00
8.462714702680069756e-01,2.106421071741240159e+00,1.541000276237250111e+00,1.645225179917940039e+00
-2.257705669428179962e-01,-1.155440095861719918e+00,-9.620879799614520111e-01,-1.582960334353179954e+00
-1.589455113591830004e+00,-3.056765912281810049e+00,-9.008905295741600483e-01,-9.579993858198539991e-01
7.308156100065910099e-01,7.948255274411879512e-01,-4.724759747223000184e-01,-3.351293240465840206e-01
-3.206892313003930073e-01,-2.178125173712200033e-02,-5.886267848386690371e-01,-8.389108312405260115e-01
-1.050628679652749975e+00,3.022461530592370216e-01,7.051853734216340097e-01,1.075448178698440005e+00
-6.945314840713150417e-01,2.073262898164939916e+00,7.542615949122190022e-01,-8.703925167062199764e-01
9.234296402046379693e-02,-1.190860790686010029e+00,-1.008804175044629936e+00,-7.613243135580479715e-01
6.415514314092489734e-01,2.042760979886959927e+00,4.601196314496899809e-01,-1.164624279101229981e-01
9.375430520306580195e-01,6.569970962837220485e-01,1.977581146538970047e-01,2.476046906882320084e-02
-1.395205778295270038e+00,2.718415986063449807e+00,2.127963985859810059e+00,9.965845706937680459e-01
3.337684262739160079e-02,-5.956389279872780218e-01,-9.375932597737790530e-01,-1.821439565122300097e+00
8.184077748478459924e-01,2.414735030119270043e+00,2.463959386176869937e-01,2.385053343897169942e-01
2.168052089807720115e-02,1.591505866224510068e+00,2.403826585791999926e-01,8.768785559768570437e-01
-6.366863794750829975e-01,1.006296268545399997e+00,8.383494550714180038e-01,3.277057860143319790e-01
-1.681600709773829916e+00,-3.723502913590170049e+00,-4.397455515864259756e-01,4.078162933609639773e-01
-1.482761305756659986e+00,-1.805174700934669918e+00,-4.206308129116440031e-01,-5.830747920407199913e-01
9.848964894474300513e-02,3.035151412423279904e+00,2.090384880597110140e+00,2.480295359780760212e+00
-1.199211921967469952e+00,-2.188740841027949913e-01,9.603742459082920124e-02,1.325666081836970045e-01
9.200333494698119674e-01,8.704290800894429747e-01,-5.075114198555730205e-01,9.077788697146550456e-01
-5.627762083527649839e-01,-3.258772311284349854e+00,-1.436078414288189942e+00,-1.362812284069129909e+00
-7.439384968511040253e-01,-3.425218994672159845e+00,-1.403821847438389891e+00,-1.626441795265350043e+00
1.291875723123540043e+00,1.609140132406730039e+00,4.037992787361779912e-01,-4.449013197657860075e-01
3.336710316638670237e-01,-2.571781648840210099e+00,-1.317376380432480065e+00,-4.508491955947229735e-01
-1.283258403753199994e+00,-2.776058040172019847e+00,-8.839613295210999588e-01,-1.461643896503679985e+00
-1.116918131213590071e+00,-6.887171477134109709e-01,4.080560880674690138e-01,3.272585357159399876e-03
4.164561359335700041e-01,-2.075059933304450044e-01,-3.144037899186979956e-02,7.345580143816300422e-01
-1.430958452867379993e+00,-1.725129040629350019e+00,-2.975430671054989928e-01,-1.141677632670260012e+00
9.978587262582679918e-01,1.281859387030829911e+00,8.588188535234489995e-01,-1.227890976728950034e-01
-9.223000810179769748e-02,7.070102406106320014e-01,1.201195676776910082e+00,3.057300166938969888e+00
2.797350342906579912e-01,1.088058028254679899e+00,1.020922044069940027e+00,-1.113119489413139984e+00
5.467118413950660116e-01,4.220836262887250195e-02,1.597953324316949975e-01,-6.242692521472980038e-01
1.636864011693849985e+00,6.289342556405229656e-01,7.775687109809520381e-01,-5.367048776634270046e-01
-7.267125280903919959e-01,-8.794228473887759634e-01,-2.634733063006179932e-01,-6.540130183549099918e-01
-1.304218899485259930e-01,-6.401881742372069750e-01,-3.165860017043710117e-01,1.537690057206759997e+00
7.398594382458349994e-01,2.002589227858130094e+00,8.786040896063880279e-01,1.533417298815670016e+00
1.444172712628890021e-01,5.103814464280320012e-02,-9.299223066028999883e-04,6.927834705314209751e-01
-5.272680898797450083e-02,1.327356414856480038e+00,6.389545460964880519e-01,6.676855398369889727e-01
2.106558601750970094e+00,3.616449765531720040e+00,7.882015329842759765e-01,1.336053640372959928e+00
-5.436078157627619589e-01,-6.345314865928890491e-01,2.641653831228020222e-01,-2.173094810519620168e+00
1.221515687814759943e+00,-6.057499448481630244e-01,-6.485999751933899660e-01,-8.340473964555490394e-01
2.868385232049749933e-01,-6.536471509391369450e-01,-5.829794419297199687e-02,-2.583080169966849859e-01
5.417046582179430025e-01,9.843256043547030099e-02,-6.122932533053940252e-02,2.902799415021140028e-01
-2.649576196636420009e-02,4.273438664818369759e-01,1.528319149738079918e-01,-1.097608977336810065e+00
-1.224816592335489895e+00,-2.294725230238200187e+00,-4.374526922857239764e-01,-1.641497138514540044e+00
1.110383675213249960e-01,-5.211095010740589561e-01,-4.693898804393329960e-01,-1.298383932867309909e+00
4.926477611207439877e-01,1.887681977853959969e+00,2.472719364839620071e-01,2.701478393987690185e-01
1.074101523440919914e+00,2.679952485089769798e+00,8.533491571479729920e-01,-1.118615554510109966e+00
-1.183810434423600011e+00,-3.610769936512680189e+00,-1.652690967882320061e+00,-1.472405331326470002e+00
-3.313986501816890140e-01,1.508015754019820021e+00,2.579211698291150046e-01,8.851099977656220474e-01
-6.061008144650879836e-02,2.548840298739710075e+00,9.369397083259299874e-01,1.784269670297659927e+00
4.012941358106780210e-01,-7.944552663614370402e-01,4.686469632232350135e-01,-1.394053159446430046e-01
4.818373603993920118e-01,2.614517281099649981e+00,1.022715577912360008e+00,-1.393773345870539915e+00
1.997413733884090048e+00,2.730803289155829816e+00,2.231320792808119957e-01,-9.708935338650620528e-02
-3.557794106720210126e-01,-2.111605570406069887e+00,-1.755203265803819912e+00,-8.274085865033159459e-01
-3.033119533670100010e-01,2.558577122416529903e-01,1.876819427216130098e-01,-9.058873991613110022e-01
-8.278446928048019959e-01,2.241100240062710025e+00,2.801103676681170107e+00,3.604152358352310070e+00
2.151990056109290006e-01,-1.446070780523960098e+00,-1.600445503249300072e-01,-4.670982862930119772e-01
-1.311228556615010032e-01,-1.492902396645799934e+00,-4.824069020706669986e-01,-9.691172204697130477e-01
-9.764154612343759476e-01,1.519891827486359981e+00,9.891012515487650480e-01,-4.217005007955519913e-01
-2.539661336689669757e-01,1.951667800157740051e-02,3.713856801656100215e-01,1.140637062530269974e+00
-2.693481309643229737e-01,-1.471561201784819979e-02,-6.870958527935829840e-01,-3.631734731227029833e-01
7.603831579880270253e-01,2.238359086681689814e+00,4.004911109729870078e-01,3.151153698735160158e-01
6.820994967397190356e-01,2.371106369697570049e+00,4.897933796128670081e-01,1.110866610189150006e+00
-5.252945726403870363e-01,-9.619569849148259522e-01,-6.284343594278239964e-01,4.734263637307350309e-02
4.827586085604150257e-01,1.211324794061969939e-01,-1.239702344124540057e+00,-9.130590509438180069e-01
5.801568565632989616e-01,-3.347904755066730131e-01,7.008412594363949699e-01,1.555275510124070060e+00
6.024593327486249539e-01,3.336927023249990132e+00,3.187695402584460047e-01,3.551503560066799903e-01
-1.053884156419150064e-01,-3.179835074309969922e+00,-1.210277704527410014e+00,-1.174801435753159984e+00
-8.035978651580799603e-01,8.222564696920680039e-01,1.840750932423850017e+00,1.856707095524319895e+00
6.295213842899199941e-01,5.701470339400079718e-02,-1.217105166991329979e+00,-4.058994758939890035e-01
-9.278466191093039939e-01,-1.646972832099999895e+00,6.556868983781990456e-01,6.154489174356280179e-01
-1.254697477961060070e-02,1.493684443841400089e+00,7.348023539925250258e-01,1.527174061544579908e+00
-1.581337632975039931e+00,4.144845104824840254e-01,1.636658955612299904e+00,1.263935186212139961e+00
6.209889634438979789e-01,-3.379243473927660002e-01,-2.410225940640449982e-01,7.606905168752899904e-01
-1.183133965508289975e+00,-2.491420908095849818e+00,-2.421213254339940057e-01,-4.660339317299940221e-01
6.257502005598980510e-01,1.368528008437069898e+00,4.079541207506600098e-01,2.727156647952480029e-01
1.636164386587320108e+00,1.094634743789139941e+00,-8.051144440911199851e-01,-1.036719142712150044e+00
-3.491439076237760064e-01,1.311034825393379899e+00,-1.471289845378460082e-01,2.479673646199490045e-01
-8.190232453426810055e-01,-2.694612882924309893e+00,-1.656906855316240046e+00,-2.863715575515629830e+00
-1.062927688225149964e-01,7.090964815897019546e-01,8.936422492317529498e-01,-1.164564616444129896e+00
-2.272911513118029969e-01,-5.288934160211360425e-01,-2.104516783263609969e-01,-8.309134726805119664e-01
6.614703746809390550e-01,5.663659705037330516e-01,-1.167313681515689927e+00,-1.719656555828559918e+00
1.483701453050149999e+00,-2.361655774130189955e-01,-4.900220121658550032e-01,2.526404170154170070e-01
-1.005864898028699939e+00,-2.448745472029359993e-01,3.639073577825239769e-01,1.460704398950599892e+00
1.928637369106389887e-01,1.961840649971529960e+00,1.662559359402550063e+00,3.549090074469039902e+00
-2.071487552897829931e-01,2.276107059062450144e+00,2.268480378776140061e+00,3.146230894195670036e+00
7.307091558139110210e-02,3.943500036737800259e-03,6.877775109650260399e-01,1.548120657540779987e+00
7.217710149431230127e-01,-2.998301652740010259e-01,-3.954932215543259799e-01,-1.522175375831289923e+00
-1.423294389497610002e+00,-1.259481312034320011e+00,9.780351010300429859e-01,1.420996796898819969e+00
7.144000582030479718e-01,-8.520744468249500381e-01,-2.337485441871080205e+00,-2.418241452627710064e+00
2.483105112706669892e+00,1.563314092644749964e+00,4.422333899296210236e-01,-7.554943172721620415e-02
2.885703072688790005e-01,2.836083636271060193e+00,1.740460426607340017e+00,1.058309018952870106e+00
-6.312849504025770386e-01,-1.289452004186510070e+00,6.182878471867899739e-01,1.112951611479819913e+00
-3.969633257336460108e-01,1.699363630127130043e-01,-6.529935363573360352e-01,-2.336837568102700102e-01
4.692745427182890006e-02,2.693883941953940209e+00,1.499804535261169969e+00,1.218348189848349916e+00
-1.271047883101150022e+00,-1.311310773403820074e+00,4.885604419528910003e-01,1.577512311769960096e+00
2.156529823399480073e+00,1.683631330484260058e+00,-1.232987329531930049e-01,-1.919962072819280108e+00
2.165662989354729895e+00,2.624541536712110101e+00,-4.571537004822859851e-01,7.565262827841909843e-01
4.830946044580999854e-02,3.550223253945700153e-01,1.141957570901170060e-01,5.760867981643410518e-01
-2.173996429963970023e+00,1.189309616589560026e+00,2.570587939765100138e+00,2.985395351512389883e+00
6.176162572229320080e-01,-1.635330532493669997e+00,-1.922765336370340084e+00,-2.623021281425240048e+00
-9.426431516075279848e-01,-6.556122398634729453e-01,7.911852139243139570e-01,1.429137298227650010e+00
-3.784070390005080109e-02,-7.558152880192190448e-01,-5.787451366307160283e-01,-2.867136010277019850e-02
-2.127232676929160071e+00,-2.053823874462230137e+00,-5.011839867497730472e-01,4.974600862024770032e-01
-3.846107929948949788e-01,-4.517730596159599821e-01,-5.455681384816449819e-01,-8.542302758068840429e-01
-7.795961089653320464e-01,-5.303381385094360079e-01,1.151852307462819969e+00,7.931373768602599794e-01
-4.733265992056399918e-02,1.562899386774639909e+00,4.371701124678790129e-01,9.747544429295590396e-01
-9.683865786382549468e-01,-2.054876735106080154e+00,9.774911663844650100e-02,-1.134193980734599962e-02
7.504483526323339759e-02,-4.917246921204480176e-02,9.573665058480159695e-01,2.599807805604100075e+00
3.774679772210969841e-01,1.629331503480679899e+00,-2.733591188766080204e-01,-3.294860521869120151e-01
2.996452558057590143e-01,1.599044031100339991e+00,1.291809629963599937e+00,1.853226019703430039e+00
-3.501541129172450195e-01,-4.213587882482839886e-01,4.106675784419510089e-01,-1.047617580082430111e+00
1.559906019000359967e-01,7.694957431558739902e-01,-6.263456384648720121e-01,9.600281206992540284e-01
6.542701930414730471e-01,2.683993951743340212e+00,4.960318012470160132e-01,4.777681194688849775e-01
2.337528822682680030e+00,3.759743706107149919e+00,9.757494650110849488e-01,4.043988286189540204e+00
-1.189061591247930094e+00,-5.449616674939839811e+00,-2.665820801710140131e+00,-3.159179777635949815e+00
-3.530927403612970084e-01,-3.652538363706780089e+00,-1.706258730522580036e+00,-1.683358386400630069e+00
1.535717879824340049e+00,5.979152484337549867e-01,-4.934528102358670121e-01,7.441484869430730065e-01
-7.476554644684400008e-01,-3.928316441573440176e+00,-1.257819152625549997e+00,-3.686310875676659826e+00
-9.401162801925130319e-01,-9.186387590160840499e-01,-3.964484827400069911e-01,-2.534098623760669966e-01
-6.641784431474949679e-01,-1.328500617155379926e+00,7.066248057801299831e-02,6.402436735389409606e-01
1.480237939513340040e+00,-1.419033012351889923e-02,4.207219376957579970e-02,3.678970755815729743e-01
1.200422370586180065e+00,-1.207089377521260110e+00,7.784413331676720560e-02,7.127968440681430318e-01
9.518894344804019747e-01,-3.146334448230519998e-01,-8.067910714033460495e-01,5.269073496528080547e-01
-3.287805480588609774e-02,-5.226502931966339749e-02,-4.060717213482969989e-01,-4.039761417803339749e-01
-9.397797751359140417e-01,1.038924602688710008e+00,1.765934836372889949e+00,4.945044716237890214e-01
5.087084665078299706e-01,7.058569827586059775e-01,-2.252785282120360055e-01,-1.305582455780810003e+00
-5.788541499103130317e-01,-5.310805763660889633e-01,1.609044668478510021e+00,1.625839946462350083e+00
1.382254032638879915e-01,1.087049939694199940e+00,3.834159872550400028e-01,1.238341927332539949e-01
-6.273766456979840145e-01,1.790895020703109908e-01,-9.445693432482679675e-02,-4.143116381979319862e-01
-2.137641499855130078e+00,-2.248971408083700219e+00,-3.529338807218220242e-01,-4.897189665195220143e-01
-2.401678970973739891e-01,6.532290856846679761e-01,2.128635674407290124e-01,-1.070088301600669922e+00
1.281648899397650032e+00,2.305711768471890188e+00,2.621247022928580028e-01,1.122721993236089899e+00
1.595783334794310004e+00,1.037666907424789932e-02,-2.774521295457150205e-01,-2.130922922212119985e+00
2.392227377372679875e-01,-1.763844980510770100e+00,2.656715860694010001e-01,1.643066570633300028e-01
-1.807780097156620025e+00,-4.264551466127190160e+00,-2.516002510294689909e+00,-2.517262198280839858e+00
6.196162192045520101e-01,1.223359728563989890e+00,5.004348024997089528e-01,1.575664940304440043e+00
-1.511233419012359969e+00,-1.556477838902800004e+00,2.651133009365200244e-01,1.544120494635369933e+00
1.675389566443379996e+00,2.781775455506859895e+00,-2.312388631084049961e-01,-4.963008209967750134e-02
2.209775177910020094e+00,5.081885069011000233e+00,1.880292653733999897e+00,9.158911307933720325e-01
2.120018735276419930e-01,7.493902260039150276e-01,2.760211310596529799e-01,1.814805004574219893e+00
-4.557119940779750245e-01,-6.604056715771369768e-02,6.898518337726460281e-01,-1.050548354363119996e-01
4.891855856134090241e-01,1.765521071964629929e+00,8.262082141301090310e-01,6.246588985724460530e-01
-6.866874371666560339e-01,3.634949301351860118e+00,1.586538397703850078e+00,2.575305984367109779e+00
-1.485374047112659968e+00,-1.540756208535789984e+00,-1.855049632860850117e-01,-1.754665311563639918e+00
1.549303790912260004e+00,1.154107625246989954e+00,3.181120403722270118e-01,-2.432888025163709944e+00
9.778756915695699381e-03,7.856183936033069859e-01,4.683811719002650142e-01,1.451655185361049982e+00
-8.892843980711510055e-01,-5.576972705053839796e-01,3.934398541549449790e-01,1.602048293070619911e+00
2.169247893796799886e-01,1.108378194949270062e-01,-6.885222476323900054e-01,4.569686234206110087e-01
1.411996129952740042e-01,7.810970640030080459e-01,9.509770222682369933e-01,7.111568752477389621e-01
1.612081197365119900e+00,2.095687921087559857e+00,1.528373821852030134e-01,-8.881426469443830518e-01
-4.820424904309100200e-01,2.697141488133140141e-01,7.403496000054190507e-01,2.444116442698040181e+00
-1.685262395033350069e+00,7.442361976432280146e-01,2.223636405047599851e+00,2.826252409243069863e+00
4.385467757008659762e-01,6.695050981500270115e-01,8.459584647462330409e-01,1.696768103980929920e+00
-4.682921038357509835e-01,-1.735035579653660065e+00,3.219240915816760085e-01,4.014485190652499758e-01
-1.685166315882569987e-01,-1.462893759765099944e+00,2.047197820281559943e-01,-6.307042797745630036e-01
-1.699932215713430006e+00,-1.043617217496130012e+00,2.178837600730960111e-01,4.782057102386280123e-01
4.999622090760860171e-01,-4.050728304440299743e-01,-8.109027413964879916e-01,5.208815276071879774e-01
1.759612935870040085e+00,2.160305138986100104e+00,-3.309459041079390040e-01,-1.781118828837060075e+00
4.228402287733439846e-01,7.031209581837829514e-01,-5.592403684180859980e-01,-1.529057158688650109e+00
5.993253341158959469e-01,3.328414302263850155e-01,-1.639228654647560068e+00,-8.593750975645060297e-01
6.521353472429709530e-01,3.253008514384779781e-01,-5.764651184528619687e-01,-1.721924371995150027e+00
-2.237176674776069907e-01,-2.258669745621940117e-01,9.069438451620339681e-01,-5.704973059136669855e-01
2.435221401680399966e-01,1.133626439521469909e+00,1.109948420105719924e+00,1.895641989172230035e+00
-8.522864276226900515e-03,-1.019871864935870009e+00,-1.365608833077569972e+00,-1.292261271204139916e+00
-1.138052601171299916e+00,-1.875184101385949931e-01,7.211732642083830136e-01,1.321071340568120034e+00
-1.208596372847920014e-01,-2.246253679175069795e+00,-7.488874937156020373e-02,3.912393729462149833e-02
1.801929145173470026e+00,1.911838780926989889e+00,-1.240384117680100040e+00,-2.037495121281339916e+00
-1.629218307227640050e+00,-3.768318645577690140e-01,7.005015717703420020e-01,8.079369387788659651e-01
1.413203221474659932e+00,2.460563228347409925e+00,1.446582763536299998e+00,2.786549665493140093e+00
9.556424026018930373e-01,-4.496321709501659991e-01,-2.217762572789490072e-01,3.421312688120979884e-01
4.676753296473529775e-01,4.260582806318780058e-01,9.234435937758239676e-01,9.756721454408130434e-01
-1.208778890072379930e+00,-3.794788355014150127e+00,-1.304180715882490071e+00,-1.774823821862810069e+00
1.998489305023400053e+00,2.810584731376890133e+00,-1.201424283272809923e+00,-6.406728767378310208e-01
4.901849174322320257e-01,-6.313448521711449990e-01,-3.606970072841410024e-01,-9.584216816098679592e-01
-1.082110100653270041e-01,1.052853273445560012e+00,1.550519132457069960e+00,1.838885008146970090e+00
-1.143881070136929939e-01,-6.086174026465589471e-01,1.050085176932319952e-01,3.426465725848999999e-01
-5.740182834295589620e-01,-1.193080160382240074e+00,5.113460753597399988e-02,-1.468015328643769990e-01
-6.198712530947479982e-01,-2.113009470790029987e+00,-1.564030142752339980e+00,-1.870032486608129929e+00
-3.189186106435029977e+00,-4.332470517476970429e+00,-1.077577886452419920e+00,-1.568153220565150052e+00
1.409564553206450022e+00,1.408338452372869920e+00,7.206434036309580238e-01,6.936510061094980362e-01
7.330286250070769949e-01,1.910925325347959891e+00,1.782769638246660016e+00,1.222086770598290073e+00
-2.025648761983299961e-01,-1.692528109612309928e+00,-3.992930130560189972e-01,9.824772972442310515e-01
2.359196917354729806e+00,3.575783676497959807e+00,4.441039786769019893e-01,1.272766740176459965e+00
1.089506139947800101e+00,6.390094278173149567e-01,-7.730975431279819843e-02,9.339126982064389904e-02
-9.896577532958059642e-01,-1.362930276532059892e+00,1.568120107370380101e+00,1.751794296305110021e-01
4.301777249378829771e-01,2.114216655131449851e+00,6.918263199898870563e-02,-1.598746186405060055e+00
-2.325075095787280111e-01,1.821397167677790030e+00,1.214290068998759908e+00,7.997108290882549708e-01
-1.530595259105179906e+00,-1.648824554043969992e-01,3.413560533522709828e-01,1.916490976809720026e+00
6.854446686074660011e-01,9.400388784352670113e-01,-2.837372890108009749e-01,-3.544452620590790026e-01
-2.473147844176989962e-01,5.762600996928489705e-01,3.496739079359029723e-01,-8.713649853847289517e-01
-1.401645543378450043e+00,-9.866051553800889717e-01,3.707865615557660033e-01,-7.351916378272890240e-01
7.022500242759349698e-01,3.388619888458340168e-01,-5.338605068101179990e-02,-1.337571556647219939e+00
1.124687485238730078e+00,5.463881328322179876e-01,5.370598609022839698e-01,-6.695840998645250508e-01
2.748691169592920147e+00,2.600726956282520153e+00,2.464038512683799920e-01,-8.124520548315059543e-01
-1.143026361054060080e+00,-2.062702569520269869e+00,1.939762185854949916e-01,6.967063983877660460e-01
-6.527219224653499907e-01,-1.386147113061899916e-01,5.845606026224230423e-01,9.511447374970739554e-01
-6.836456664385609505e-01,-2.746047365674570084e+00,-2.848405948120920073e-01,1.029947458233009955e-01
-1.013481183699129984e+00,-5.074704383340159497e-01,-5.223601304306319665e-02,-2.014705169182790190e+00
9.311408038242969809e-01,1.955877929333059928e+00,5.535035288727939706e-01,-2.966964015137369959e-01
4.092984293592210054e-01,1.283544449636510043e+00,7.473154145662780357e-01,-1.591874647872550119e-01
-1.055680974773550052e+00,-8.721014185723300477e-03,1.564884210156779920e+00,8.634676746110520051e-01
7.915317481863499705e-01,8.775215719372500001e-01,5.286398623162680277e-01,-5.120468050023639917e-01
1.190124282954690083e+00,1.327363047285669895e+00,2.433349350893740104e-01,-1.613857373945700058e+00
1.657940058998990107e+00,8.028409998377540324e-01,-2.409563955503810084e-01,-7.758173231858990215e-01
2.279442314518890025e-02,-3.636247726310600226e-01,1.075899548354759983e+00,-2.566605865233180239e-01
8.482843667086950035e-01,-3.070402697606909870e-01,-7.145572898276579821e-01,-1.244304137612489924e+00
7.968631231798040115e-01,2.056924432341399989e+00,1.108593508526670046e+00,2.071244543766860013e-01
-6.023534541768540418e-01,-3.331375717619919907e+00,-2.424071323694129809e+00,-2.125418953047080173e+00
4.591637842678419901e-01,-5.602157682151449603e-01,4.102361998301740087e-01,1.082613377650019970e+00
1.037200745339579955e+00,-7.120116829026339467e-01,2.546631649133930253e-01,3.205291161075339845e-01
-4.474088191382140089e-01,-6.859310184627439577e-01,-4.565778718304179806e-01,-1.760378714091370006e-02
9.992462994741320159e-01,2.870906221741750031e+00,1.794752673806019994e+00,2.511369575921280184e+00
1.126198041539169914e+00,-4.951639338389369760e-01,-1.508688337093359921e+00,-4.462694622689910240e+00
-4.519527693346200165e-02,-1.108171800560699971e+00,-1.344095655267750100e+00,-1.534760592922489897e+00
8.495509491344660491e-01,-5.737138980119130260e-02,-7.963053401338370252e-01,-4.182056723941480203e-01
2.417070611163090188e+00,2.269886606962919995e+00,-1.052977148510580108e+00,-1.082729517501439975e+00
1.250950033897090030e+00,1.183727118497329922e+00,3.569592874970979879e-01,-7.633983321723659954e-02
7.391983381649769314e-02,-2.585175192509729936e+00,-2.380097405935400090e+00,-2.360075380372700149e+00
6.775098525741669597e-01,-3.813285798547110250e-01,-1.592164635435520115e-01,-2.323348016310189945e-01
-9.376239891199620313e-01,1.643526899640449998e-02,6.454154808156639667e-02,1.234783201385559970e+00
-5.480267116229770030e-01,7.264875569035610381e-01,1.203304709657359917e+00,1.012667248107590012e+00
1.722741286437549924e-02,1.680107039951159953e+00,8.063073735758040372e-02,2.193824055478409973e-01
-6.992281061440980272e-01,-1.256446944484510109e+00,-1.092175034967280078e+00,-4.197374608096839932e-01
-6.793963334141700505e-01,-1.195793739003450096e+00,-8.229724089324450542e-01,-2.502723601264920106e-01
-5.529098649317529812e-01,-1.265225279718100060e+00,-1.156024948607869973e+00,-8.938805684076099878e-01
-7.813729211361030158e-01,-7.309968803050950203e-01,4.703034831263659954e-01,1.017909844355890048e+00
2.050724048791310039e-01,3.881086109716759824e-01,-1.300351210643359900e+00,-1.976554037367570071e+00
-3.131856664445050176e-01,2.536567274390740145e+00,3.972172182074070190e-01,2.201538311267240200e+00
3.062021281226179892e-01,1.223920821222010069e+00,2.123159192822260177e+00,1.818200675514580089e+00
3.555480819178820084e-01,-2.976362681102949839e-02,-2.145559193302589984e-01,-2.796129862668379928e+00
-3.848402699952740307e-05,-3.223636973783889914e-01,-8.890900400039319917e-01,9.031830847099470150e-01
-2.291427502762759971e+00,-1.909836112837439925e+00,-5.311315315978090146e-01,-3.491889983964249766e-02
-1.571250701639830050e+00,-2.990115066837499835e+00,-6.058234271582060293e-01,3.748162201781399944e-02
-6.709324033534199705e-01,-1.319149107461579984e+00,-4.432807840169250002e-01,-8.060171570392099527e-01
1.773842681608639893e+00,3.300846610735129749e-01,-1.383932262920620104e+00,-1.797003217349439907e+00
-1.816337095806600077e+00,-2.670160661388250034e+00,4.191031329462879818e-01,5.889361824710920290e-01
1.722846004397450004e-01,-1.083115865379630005e+00,-1.304119252693539899e+00,-2.562837107970150075e-01
1.169763605083889990e+00,2.582378295776940114e+00,-5.702154952128010157e-01,-2.052156743205839906e-01
-4.044595825484680052e-02,-4.497922696704619860e-01,1.143396916295799981e+00,4.744591606411009965e-01
-3.019073066580920117e-01,4.710469668418370004e-01,9.301638058102930096e-01,1.122219240261359996e+00
8.223787506678079673e-01,8.318393014477519776e-01,1.634926821755099957e-01,-5.790103227762080085e-01
8.206069535676250304e-01,1.559875710607149912e+00,-2.942230613504279724e-01,2.837165041996450032e-01
1.904617692693489905e+00,9.170002023869779917e-01,-1.969321597977109928e+00,-1.711883562781050028e+00
-9.975123017693540151e-01,-2.543186799303270185e+00,-1.171100649419109935e-01,-2.662275121415970114e-01
-1.417957040823510040e+00,-3.588968937047030128e+00,-2.190835497721709935e+00,-6.392912087561709589e-01
-8.064613007931049626e-01,-3.857683559048879829e+00,-8.021169875498289636e-01,-2.890486132056969915e+00
1.183604050300449906e+00,-3.380583811185590148e-01,-9.057986382186079544e-01,-1.040634975745410085e+00
7.643355234213300431e-01,1.586742310268500100e+00,1.033491504720249976e+00,1.353148080089209948e+00
-3.027045718763989868e+00,-1.892569184487959966e+00,5.338529318475370156e-01,1.711489197830899922e+00
5.965906808655120352e-01,1.098553957886960086e+00,1.976199876786999932e+00,3.640524404236169964e+00
-4.440557328946229815e-02,-3.246296788472540218e+00,-2.086940126220329983e+00,-2.868690999800089791e+00
1.117913382038719927e+00,1.639733071509869911e+00,-5.348417481420000286e-01,-2.749531145632420071e+00
-1.355619064684230102e+00,-5.808869586126359508e-01,-1.878707962925630082e-01,-1.089856745067599997e+00
1.116705963845149974e+00,2.603850617227259967e+00,6.614443909473799454e-01,-4.395701778348389821e-01
2.154588527957239930e-01,9.936749503195160260e-01,8.403379070853930211e-01,1.438647000921009944e+00
-3.890525965338950121e-01,-3.271755837495339936e+00,-2.161013800921459893e+00,-1.684616978431259904e+00
1.261468476711169906e+00,-7.048519348277320073e-01,-1.300001127421019920e+00,-6.748845166706609611e-01
8.921243622772470072e-01,2.652918149450699925e+00,1.647262697575250012e+00,2.269977501209349935e+00
5.381719741155339687e-01,3.818019947040390272e-01,-7.778974779089400382e-01,-9.654204474091240273e-01
-2.394299394106030043e-01,-1.299844669441510003e-01,7.685805446421060116e-01,7.338400647353100492e-01
7.289547954216160086e-01,2.053318930333389858e+00,4.373466380957349853e-01,-9.963953595688159748e-01
1.022061171514210054e+00,1.825682051074200007e+00,2.772383633930110003e-01,2.947533880795590200e+00
-6.176476747855910165e-01,1.938062408688040028e+00,1.496311202570409948e+00,2.969042875428130057e-01
-3.880606700477309823e-01,-1.141526787324010028e+00,-1.708813690234410043e-01,8.678007636958829929e-01
-7.728665488539300174e-03,1.219509191230210066e+00,1.055872367218450014e+00,1.794126505889090062e+00
1.773040504533749950e-01,1.351665404777639967e-01,-1.483922327561489896e+00,4.733777100018499856e-02
8.939445066944810003e-01,7.752349782763420238e-01,-3.781199270574459731e-02,9.542138594407340024e-01
3.275908298968880139e+00,3.326791394956650105e+00,-1.624502626708590025e+00,-1.539673856714359967e+00
2.035730074367109871e-02,-1.344244673948479907e+00,-8.730844121217999909e-01,-3.518070781505259759e-01
-1.089346166790359893e+00,-7.009508750399779942e-01,-1.060209503009349907e+00,-1.641635965245550111e+00
-1.845532386165420036e+00,-1.951233327142599894e+00,2.428267379774719931e-02,-2.754479409733789907e-01
-1.833236387801969944e-02,-4.754632661201509958e-01,-4.891427124974460083e-01,-7.798284370041850266e-01
-1.008502756468129924e+00,-1.510103953410810051e+00,3.991441772066550153e-01,9.233487505009490004e-01
-4.684473774272229774e-01,-1.172120171609190020e+00,-7.879781104996169683e-01,-4.118062959156569836e-01
7.740554771591160454e-01,1.640227770534689877e-01,-8.673237959219589621e-01,-3.089744800609679931e+00
-3.019317679614130223e-01,-8.690135881131559881e-01,-1.086064890123769944e+00,-1.292264095515750055e+00
-1.499870058898330027e+00,-1.499504646341450087e+00,-6.990918578235699732e-01,-4.484580602663750248e-01
-1.484676834823970060e+00,-1.209347334912310057e+00,1.126775540817160026e+00,7.299860350036010415e-01
5.569793811750990420e-01,2.683777573317809931e-02,-1.756958229438110086e+00,-2.613810771331139815e+00
1.179511650768679948e-01,7.071774023056710545e-01,1.158025620808939893e+00,1.053765486018209963e+00
-1.655974961458510086e-01,-4.214393355909949790e+00,-1.840978424584519990e+00,-2.023122467336610164e+00
6.072845233955469491e-01,9.152680337508100061e-01,4.556379153284499939e-01,1.031077610671530032e+00
-7.383814706998209632e-01,-1.125877981772900049e-01,-2.680539405582300083e-01,-8.862687948960960016e-01
-4.595810930447279952e-01,1.924368648338270038e+00,6.272623890399440238e-01,1.348807038800859948e+00
-1.909757486950799943e-01,-2.281592913588189830e+00,-1.763283727121790045e+00,-1.010026284247379946e+00
3.728357826448590040e-01,-4.031917769958660025e-01,-1.815136690522280105e+00,-1.903742291482249938e+00
-4.471699997002669957e-01,-1.173429568272400081e+00,-1.547863703851700024e+00,-1.577256918230780069e+00
1.192786557960719973e+00,2.056303968307480190e+00,1.912266179612400085e+00,2.895501475194310004e+00
1.298677239497240121e-01,-1.334798708408680090e+00,-1.889769077932170083e+00,-1.913584712563199952e+00
1.311281607595959908e+00,3.074992754243369930e+00,4.495555021252779782e-02,-1.350769825010379899e+00
-1.468695533799500019e-01,-1.557355212447540049e+00,-1.967846484534470086e+00,-1.554599589847470043e+00
-1.860809850014039979e+00,-3.713133781617110163e+00,-4.466597714968569693e-02,4.053447809778299923e-03
-3.260848312997329801e-01,-7.324081721237249987e-01,6.946156159891120341e-01,1.817287474819279991e+00
5.729530534928160002e-01,1.771109169581339904e+00,-1.235098363107599989e-02,6.799789859136939896e-01
-1.574462666119549992e+00,-5.655113926611550212e-01,2.076971181171900049e+00,4.356392007551270207e-01
-1.412059367854370029e+00,-1.229252467841730034e+00,-1.121484965598170014e+00,-9.658061967352600252e-01
7.702839637999829847e-01,1.931487985369300109e+00,7.344645935528729686e-01,2.689497302071070184e+00
5.529059061095169536e-01,-6.177922254302909977e-01,1.669183910906719970e-01,-9.319857020947300286e-02
-4.054556946081179780e-01,7.061823265783909731e-01,-2.888440073440630071e-02,-1.023238286640139938e+00
-7.059136829654250045e-01,2.347354268069489880e+00,4.260120739188220096e-01,-4.997171501378089853e-01
-1.924495746862669998e-01,-9.450772164084190186e-01,-3.299932509630140176e-01,1.442836610219490057e+00
4.902765657268030042e-01,-7.392083533704839615e-01,-9.726840575590239846e-01,-1.455398418061379928e+00
7.137696657494110308e-01,1.458110052823430092e+00,-3.643565981855130254e-01,3.126231833982779929e-01
-2.016788257739809964e-01,2.264786923862999846e+00,2.288900306122500172e+00,3.801351897756239939e+00
9.387662163629230117e-01,-7.615599730579389881e-01,-5.516719214226469825e-01,-1.589135365369050090e+00
9.282330052386299490e-01,-5.506415703944990137e-01,-1.865804597467140002e+00,-1.919791959878679899e+00
1.269030371153319958e+00,1.284571164730420101e+00,2.812981973197120067e-01,-2.033343135114039857e+00
5.339858357166270553e-01,1.540943042018370068e+00,-2.999399045101640016e-01,-2.293891121169789882e-01
8.463354757112490079e-01,-1.501227004155069877e-01,-3.129270650363180084e-01,1.197702061885149993e-01
5.945458304819050133e-01,-9.425296700819260076e-01,-3.052986435802820253e-01,-1.234092295347450019e+00
-1.283684286808300046e+00,-7.604034045676599622e-03,1.020430288392089935e+00,8.318342340594130357e-01
9.489998579575049664e-01,-4.646560297182140142e-01,-4.873981127489179777e-01,9.188597340251639656e-01
2.609002042028770174e-01,5.001140074068359809e-01,1.879500068791639944e-01,8.179812291509810374e-01
1.374859030966210094e+00,4.035354499523740035e-01,-1.072683516924580083e+00,-8.183204570602520267e-01
-8.558915355461510499e-01,-2.818963069370179930e+00,-9.148930158953589853e-01,2.202492032569159930e-01
-7.272778417745190405e-01,-3.513643532650729817e+00,-1.646934103923189952e+00,-2.460358396594149788e+00
1.792342982823809994e+00,2.756931286148490035e+00,-3.944238510753030058e-02,-3.090800397385329995e-02
-1.639513266288159965e+00,-2.618506494025000020e+00,1.381165957580250125e-01,3.740010988561049965e-01
-1.868054768662610055e-01,-8.191118552338649828e-01,-3.844894671339940118e-01,1.329167396201899942e+00
4.368399433933090048e-01,-1.646793490957890072e+00,-2.260613066236180080e-01,-8.354073506405860217e-01
9.095813242221759687e-01,3.414920533925669965e-01,-1.729662942463670028e-01,-1.742678521251769919e+00
-6.496985009993080373e-01,-1.005399330955810022e+00,1.421691190044469977e+00,1.195813711755449926e+00
-7.753197439019060555e-01,-6.683272673075520143e-02,4.270360668064319964e-02,7.237001786045820229e-01
3.642130663632440202e-01,6.509296495366249935e-02,-7.882505287571930364e-01,-9.102664843816620222e-01
-5.881578770941819911e-01,-5.563050553555910493e-01,7.446342917589759969e-01,-2.573716914782919751e-01
-3.656503022049670260e-01,2.084364914586989970e-01,3.196978423458949892e-01,1.962590077746759892e-02
-5.830638623768129580e-01,-4.279516309506860017e-01,5.441675874478050234e-01,-3.228152108535439768e-01
-1.084836715764440074e+00,-1.721701419380279985e+00,1.432108650243590020e+00,1.650726321606680091e+00
3.121628565917269893e-01,4.171747995118529895e-01,6.446731693058089796e-01,4.094739186713000079e-01
-1.119782913546689906e+00,-5.385234703109680332e-01,6.180082476919139811e-01,9.529143515497889849e-01
-3.526022544080730237e-01,1.457532562873820048e+00,9.881508588993990205e-01,1.076888241776430055e+00
9.219265900688509985e-02,-1.602579264682800098e+00,-6.198275621689780523e-01,-2.457816240988679901e+00
-1.755985438736270110e+00,-1.127549050000060005e+00,7.518511453776099973e-01,-5.567976931664539997e-01
-2.143620762225860066e+00,-2.159290953029179949e+00,4.860344774588210015e-01,6.714187699020509603e-01
-4.102339056663200090e-01,6.362902754481809531e-01,5.848043932415489948e-02,-9.786132642505549484e-01
2.047588846788519934e+00,3.977356882456370091e+00,-3.230686214201839990e-01,-1.897110370185020045e+00
1.097144625472870061e+00,-6.475946619992180298e-02,1.342077744352659918e+00,1.443479694569459904e+00
-1.995618086580329964e-01,-1.086590639877480058e+00,1.227006466846819910e+00,1.423276821973090023e+00
1.615220128740000038e-01,-5.426619465292410460e-01,-2.030075032153630055e+00,-1.583203010998849969e+00
8.905161516354419549e-01,1.825713016283269985e+00,4.642115653774759876e-01,1.186498958309559981e+00
9.210972215748569614e-01,-7.400270580799009901e-01,-8.777360156457809648e-01,-1.323888406911319926e+00
2.255690275495870090e+00,3.251721041226939946e+00,8.051719951177049861e-01,1.450336816451680111e+00
-1.032026009207039907e+00,-9.669941326774410539e-01,-2.322817611500629931e-01,1.560344034811159963e-01
-1.706683908366809943e+00,-3.391430014119960035e+00,-2.377510653694709930e+00,-1.581806310620399891e+00
-1.357499084156180036e+00,2.690054119978679825e-01,1.012853903910730047e+00,-8.110465517994900342e-01
5.471862038613419799e-01,-1.069720635072819892e+00,6.798687394603950551e-01,1.304492065465109985e+00
-1.736779424533799965e+00,-5.425290270674120174e-01,8.921653420905230059e-01,-7.040987381674450318e-02
2.658786179944319997e-02,2.177256708607380187e+00,2.075280424503199939e+00,2.069240711059309845e+00
9.323896601902159631e-01,2.360808080705329992e+00,-5.475746136576049583e-01,-6.818957569272130481e-01
2.234432770504110044e-01,-1.996987196098320094e+00,-1.753461299094769998e+00,-1.231186300030679970e+00
2.874487588506460245e-01,-2.240927792198120105e+00,-1.226114148867879949e+00,-1.834586615634689943e+00
-1.935427237895150088e-01,-1.308610032841680093e+00,3.161113305361780146e-01,4.521635579590819742e-01
-1.526040626280710022e+00,-1.564591785456320050e+00,1.251475602268480092e+00,1.796230806839619998e+00
3.924810870207159907e-01,-1.394561975972749890e+00,-3.524827808948670094e-01,-2.699569787379120012e+00
-7.854876780878190523e-01,-5.658267402982920524e-01,9.534591712362679994e-01,1.049970354513309889e+00
-1.566566799442030034e+00,5.265022405312319576e-01,4.979645843027820096e-01,-6.984572077863270279e-01
4.625796858219879959e-01,1.159069772931669906e+00,-3.664613844621280037e-01,9.118753018195919768e-01
-6.989833397119920022e-01,-2.905266537414189984e-02,-7.070869807513259497e-02,2.551814561785219898e-02
1.305984272567179971e-01,-1.825100754886719967e+00,-1.086441871004339976e+00,-7.920042611601040283e-01
7.099226295860250335e-01,-1.283601551280429964e+00,-7.666482351443819621e-01,-9.617447541387750265e-01
2.593041408769419798e-01,-7.439906044056709966e-01,3.596584125620170269e-01,-1.621339696856889945e-01
3.199439991314499965e-01,1.746855207695769963e+00,-2.257388393091409873e-01,-7.440942924544059478e-01
4.018909193898880239e-01,8.108716195661770376e-01,-4.299334829769440036e-01,-1.051117210645029942e+00
1.663438310126120090e+00,1.589217104564170091e+00,-2.401339715181010082e-01,-1.214573366930290055e+00
1.449753990023100014e+00,1.786833033820470096e+00,-3.203350704164870111e-01,1.052927937268639980e+00
-7.896740975668979923e-01,-2.272094865536089969e+00,9.615344107995600353e-01,1.628606600182239905e+00
-4.507674626323709965e-02,-4.154986439446680113e-01,-2.097758040582869965e-01,-1.894301514439399980e+00
3.719304047774230071e-01,6.495972875429659732e-01,-6.421559140322420367e-01,-1.031855080383220047e+00
1.120320326789179949e-01,-1.425835554093280111e+00,-9.294119072835429485e-01,-7.202164388605590550e-02
-1.116398423856090005e+00,-4.039528926399399644e+00,-2.232362541261560196e+00,-2.379244830663310051e+00
4.774809799230990137e-01,-1.553971259455920073e+00,-2.911916197172380039e-01,-9.178358749177899512e-01
8.464521172956680495e-01,3.262442671702109886e-01,3.518321988143069956e-01,-1.621365590605930107e+00
9.760210514638399948e-01,1.012852888540489937e+00,9.659418032322699688e-01,2.962379196109940160e+00
-1.559553820093920073e+00,-1.746747213051260128e-01,5.717545715168379505e-01,1.277079253048740037e+00
-1.160149912541670103e+00,-2.545035198158749790e+00,-2.798607563846270185e+00,-4.368703773901859932e+00
8.130034781775360431e-01,2.284463320556290089e+00,-6.416014107194339955e-01,-6.756637290381040106e-01
-4.548646015258429876e-02,5.486289463798149635e-01,-1.636032144327719928e+00,-2.729945331275270171e+00
-5.917915967065210392e-01,8.236402361758580204e-01,1.342001781839629926e+00,8.159260664312449896e-01
-8.687073505832050291e-01,-1.781225134830680012e+00,-1.475565998930399969e+00,-5.046871855584489808e+00
2.726470722472649766e-01,-9.311995075436949598e-01,-6.991620728424100539e-01,-1.071183527407759906e+00
-4.881852406669800158e-03,7.530895411881409762e-01,2.888906672739049997e-01,-5.187662320135399963e-01
4.566192186951990029e-01,-3.340021085020140196e-02,-7.509144271016370276e-01,-5.379612945662229917e-01
-3.709736454205880274e-01,-1.303376602566830078e+00,-4.285326282492920025e-01,-4.506381940853200208e-01
1.939040357492989863e-01,2.678884485176910024e-01,-1.770854571267999888e-01,-7.864524814270990039e-01
8.190586344020599485e-01,-2.863548394099240113e-01,-2.162332371554699928e-01,-1.360239974508669958e+00
-4.958086319430100170e-02,-1.337233345365750059e-01,1.869107079353659884e-01,1.172374668875469927e+00
-2.101744071913389966e+00,-1.211007908395610011e+00,1.578511714058489890e+00,2.328165691176649954e+00
1.311011433672170101e+00,2.348214538556579800e+00,9.658996332409449659e-01,1.570239471833720035e+00
-2.939450931938140110e-01,5.645420430313670135e-01,-2.054023334520480026e-01,7.813741750845079603e-02
-1.861119359541590079e-01,-2.488687301265810170e+00,-9.438721030942679446e-01,-2.444320880619600123e-01
-3.329483598330850169e-01,5.217907146350749814e-01,-5.292561365073690238e-01,-1.684699763245179893e+00
9.471171449565649603e-01,1.009015332255150055e+00,6.214449710829389462e-01,-4.932122971728309935e-01
8.174669195710000391e-01,-3.816179031308620240e-01,-1.418808870178289938e+00,-3.185420156665899949e+00
5.876190167351059701e-01,1.715212752005849994e+00,-1.577656776175639930e-01,-1.444474297214600078e+00
1.414379894608680077e+00,3.234378182210989827e+00,1.284939760756369953e+00,1.382799972176879999e+00
-1.879887439009620131e-01,-1.662525519744789904e+00,-1.256493898069060089e+00,-8.299906922850109892e-01
-5.456173652228269999e-01,-2.007321105931660021e+00,2.254538626858069994e-01,-7.736763581539529699e-01
1.848893910891669989e+00,3.014225043010080096e+00,6.505304945115190085e-01,1.895741472900379920e-01
1.053276354399300008e+00,2.569927160772489838e+00,-2.273380201977019954e-01,9.064863794594110180e-01
-4.033220689795489755e-01,1.567771427809379892e-01,3.935494493131990179e-01,8.873978481565639731e-01
-1.252211719988080008e+00,-2.623356842240049946e+00,-6.397917583194829838e-01,3.065923332484459807e-01
9.349331777776710428e-01,6.701480590876890409e-01,-3.629159108486280094e-01,6.594362208919000469e-04
1.881203596335659922e-01,-2.094029357194809871e-01,-1.332984024054099992e+00,-2.869403456877179792e+00
-2.437510677634179945e+00,-2.077579243398389952e+00,2.068368153146759869e-01,4.362571856506879953e-01
1.570937340028440099e+00,-9.415578076795949602e-01,-1.511499726340769900e+00,-1.696237385631939931e+00
1.550089797332470098e+00,1.781340734384919910e+00,1.696265481371830086e+00,-1.337893934719700084e+00
-1.742821668755339948e+00,-1.249293516944739890e+00,4.612498017023570207e-01,-1.174924757128929971e-02
8.569578880729300518e-01,3.059004426817319988e+00,1.644009722647260086e+00,3.116758421402689994e+00
-1.597252021360999974e+00,-3.287512892204549897e-01,-1.182370206770710030e+00,-1.662489661632619908e+00
-1.456515719759009952e+00,-1.325258182321860101e+00,-6.846617960058219987e-01,3.366042469710159857e-01
1.468583644885780026e-01,3.562176059428239783e-01,-2.691015136742689884e-01,-1.951213016390529909e+00
1.449423190120989968e+00,-2.536171654554740251e-01,-1.314914249589840045e+00,-2.601992064416879913e+00
-2.425400848285769850e+00,-1.751623286818960068e+00,-7.076506509614209905e-01,-1.594530653370539897e+00
9.909431214382999897e-01,-4.525689548210650170e-01,5.199983968156139946e-01,6.053361762298630211e-01
-5.625674790998630437e-01,-2.578137071430239846e+00,-1.572949161329949996e+00,-1.358131968061510042e+00
-9.899631249827739454e-01,3.458574192988610185e-02,-3.002122823091030179e-01,-1.153962968840779979e+00
6.109104986408659954e-01,5.104359978014369581e+00,1.805562115025100001e+00,6.306133006903760219e-01
-4.277990084985029973e-01,-1.369834295800050006e+00,-3.120644606821499911e-01,-3.099539154878929725e-01
1.837701512979919904e+00,1.472896957902039894e+00,-7.908157116211279591e-01,-8.768030704852810553e-01
-5.674393551944859754e-02,5.930578528889659529e-01,1.462320067146730018e+00,2.085386377262719915e+00
1.337880814484909919e+00,1.585361498622340104e+00,-3.280506710586290064e-01,-2.588742240287419949e-01
-3.541160135049319924e-01,9.969620762601359987e-01,8.635916168839320450e-01,2.916104992187050104e+00
-1.263997147087839945e+00,-1.914814665856410025e+00,-1.857763754755749896e-01,-3.540068176217340268e-01
-1.147183672319769920e+00,-3.199095048756749993e+00,-4.813256049401840042e-01,-1.491527004105229981e+00
6.218574407492030165e-01,2.157780588056709803e+00,8.036526440836869734e-01,1.029925528025330106e+00
3.560347263993690059e-01,1.088970446620010080e+00,1.520590659520290044e-01,1.040915929104309967e+00
1.696098971848609915e+00,2.271359160626539975e+00,2.719486319234100113e-01,-3.786406261206359813e-01
2.456698833475139843e+00,2.967336599647159900e+00,-1.093359081171570102e+00,-2.259788797605399857e+00
-4.379103702758149752e-01,-8.049268310261580295e-01,-3.494366347167869868e-01,-7.011074837768179746e-01
1.142474272132879998e+00,-4.695442968656000221e-02,2.356105308390580022e-01,-8.381011586219609955e-01
2.939356545012819857e-02,-2.133964565840700163e-03,1.349394518817230049e+00,1.522880008256420004e+00
2.003061966604539890e-01,4.329639350302549872e-01,2.396660677966659936e-01,1.447161283381380059e+00
-2.641403369629559794e+00,-4.183696504768989577e+00,8.628471208886390187e-01,2.018486401666640118e-01
-1.900319902161839991e+00,-3.533422038499479889e+00,4.852362182593840112e-01,7.394537974632180433e-01
6.560930143234819933e-01,8.868930987761529661e-01,-8.837687543099259635e-01,-1.461807164386450086e+00
3.572677915620670053e-01,-1.236559284973969941e+00,-1.054621065799189905e+00,-1.239749255483240109e+00
-4.002234475235330047e-01,-3.540522291231870122e-01,-5.146497873013119451e-01,-1.863234457534679867e-01
-8.743614279849589721e-01,-1.205115443600000003e-01,-4.533058827848340244e-01,-9.607485812613150156e-01
9.949758491612670230e-01,-1.158642918075750039e+00,-1.828043499971889974e+00,-6.976853478088690386e-01
-3.962484695331640050e-01,1.807827568865189916e+00,1.189123036847030024e+00,2.075530379515500012e+00
4.633855820886429999e-01,-4.814252487768149735e-01,-1.352169835995580049e+00,-4.561668030632389792e-01
-7.391634243855379482e-01,-1.079628681769069898e+00,-1.078515355218800043e+00,-1.567385940858450066e+00
-6.815104284889010600e-02,-2.182828565660829945e+00,-1.208976308869039951e+00,2.893703964641179960e-01
1.706354367530640015e-01,7.890609687097139835e-01,5.440963315023129576e-01,1.254307417578290007e+00
-3.164490255495779891e-01,2.815328942659760081e+00,7.404245305640519970e-01,5.852633799290259953e-01
-1.783075458294159921e-01,2.731276532694120185e+00,2.247025321863879821e+00,1.368934516712980054e+00
-1.328833552705550036e-01,1.067810332714359989e+00,9.831012478884969541e-01,4.608548866664500254e-01
5.986001333040740224e-01,2.267205424733929942e+00,4.508819409811880008e-01,2.300084202104959896e+00
-3.378620564942900195e-01,-2.352581059695840082e+00,-1.425215091442229909e+00,-2.694330524385530001e+00
2.560158378730840179e-01,-1.355163967650830026e+00,-2.758094572145250112e+00,-3.440550289590849964e+00
1.203917447527600056e-02,-2.130848347997710057e+00,-9.507166906145190222e-01,-1.739307862864100107e+00
-7.648947574618200074e-01,-1.957387332622799958e+00,-7.342217172923910518e-01,-1.271384306870569914e+00
1.465528715084730038e+00,-1.140126891577319945e+00,-9.110390574176190359e-01,-2.451333642833839921e+00
2.037872761870209992e-01,3.232730956840789815e+00,1.598402629410029974e+00,1.401878270553700068e+00
-3.758020997123699969e-01,-5.658539085639560096e-01,9.913627563911410479e-02,6.972714575344389765e-01
-1.467158168518940098e+00,-1.823757933675570042e+00,2.645659999452070199e-01,8.420530395314800298e-01
1.596875677528879933e+00,8.663501402759349324e-02,-7.475619442119669777e-01,-4.909935839505150112e-02
3.299878771052390247e-01,6.031147094130450137e-01,1.519293138269480092e+00,1.058993802277200080e+00
1.219391203013219904e+00,2.467371326017029798e+00,3.798815026955780216e-01,-1.997487985050240000e-01
1.341505980904980078e+00,4.403675269401920112e+00,-4.201787042692819996e-02,-1.329945753742209913e+00
9.998976201712590495e-01,5.924134012756440137e-01,1.378857955994400031e-01,9.808701127796229935e-01
6.540468383859600159e-03,-1.979346625365410034e-02,-6.091207332860769652e-01,-2.513510428330639979e+00
6.337349121187579870e-01,-1.498947286760140107e+00,-1.192735373730460013e+00,1.042368843669599920e+00
-4.874405425416660220e-01,5.913163552483049479e-01,-3.921554807298700124e-02,3.531542681098400194e-01
4.495815759407419954e-01,-1.507418471848170016e+00,-6.670909773782639496e-01,-7.848060197252380021e-01
-2.748347525767029786e-01,-9.748821589024619927e-01,-4.008686882760249814e-02,6.651054615336210452e-01
2.313682398171799992e+00,3.938074902963229817e+00,1.994560067657509927e+00,1.757838441581949906e+00
-2.677792681731789859e-01,-1.941139837508990107e+00,-9.189937124766900389e-01,4.046581327436920006e-01
1.880693704462659932e+00,1.817017334481439983e+00,1.637068118588470012e-01,6.986429218906660132e-01
-1.395072015802290011e+00,-2.380975344495909862e+00,-1.595958987446790101e+00,-3.179968982573729841e-01
-1.120834853071229986e+00,7.652543770143730439e-01,6.475327257028590244e-01,7.354569670138270121e-01
-3.344302860539969946e-01,-1.333312901764099889e-01,-9.362004247458219908e-01,-2.112346903957820210e+00
2.198959023545849975e-02,6.782213375226450180e-01,8.273794859585069383e-02,-1.649696541832289975e+00
1.933275160851599950e-01,4.685225988639900030e-01,9.965984722235819993e-01,-3.452098663318430016e-02
-6.261445782125459880e-01,-3.852662342647990013e+00,-1.239149993522310034e+00,3.157582955429990013e-01
2.011795591590969934e-01,-9.323640165513680245e-01,-8.494694758103460419e-01,-2.074325954643589931e+00
1.746074292933420091e+00,1.657074736699249984e+00,-1.819128946667279978e+00,-3.491887287596750156e+00
1.666689246458110008e+00,1.205317936672360091e+00,-1.102881074814860002e-01,-6.985974101358269905e-01
-4.421393821125489954e-01,-4.663708525695899887e-01,-9.910431470476660509e-01,-1.306873972147289953e+00
6.645905587121370139e-01,2.352845243424019905e+00,1.553137754505450052e-01,-3.906284900578729791e-01
1.012937521030790045e-01,1.072683434961460014e+00,7.952043285297230035e-01,2.566370007640020212e+00
-1.475709696907399948e+00,-4.951813708842460193e-01,4.704684020234879971e-01,6.433999313741830539e-01
1.323860331700339898e+00,-4.085555678022970150e-01,-5.763688849213739473e-01,-2.672299672401859949e-01
3.093811069480070230e-01,3.558540273096340023e-01,1.338921932057099973e+00,1.379640578772499904e+00
1.586410336335309923e-01,-1.556606695580559974e+00,-1.173155082016839934e+00,-1.008345798092459944e+00
-6.449241730326910060e-01,1.711177709861370078e-01,9.295620538689840506e-01,6.631516389521190380e-01
