2.183485052484279265e+00,3.864823627329224909e+00,6.205277142401827817e+00,-7.707434054735987417e+00
6.887097953680391127e-01,2.313908396764266850e+00,3.509254139807278516e+00,2.217385387969595278e+00
8.738301982880636309e-02,1.561222805989663120e+00,3.816424852390754019e-02,1.870048866625229067e+00
6.613585981301876027e-01,1.625524095011957826e+00,3.130039698257089054e+00,-4.384144961274547114e+00
1.469403139905715916e+00,2.804922209437817671e+00,5.826394301080199511e+00,-5.665617577731756782e+00
1.050283803667782623e+00,1.336663711691204792e+00,4.572764177781587946e+00,-4.916922071649219461e+00
6.200919337002028797e-01,2.361452263280548358e+00,2.736618704219357934e+00,-4.384144961274547114e+00
2.629643976552630935e+00,5.222327697087735920e+00,9.537311041432683822e+00,-8.812138192188760044e+00
2.148999507649320684e+00,6.203241333173613370e+00,6.717151372512985219e+00,-8.026832558489701341e+00
1.382676095597483501e+00,3.386939679290343008e+00,7.762294645580913866e+00,-7.618107132227421197e+00
1.033732035402757488e+00,2.107351379406384506e+00,3.205206338912771624e+00,-4.307705664345785834e+00
-3.382751537249524265e-01,6.284059361459128912e-01,3.120221690274880277e+00,-3.060193384253784732e+00
-5.500059551047247197e-01,-1.406342133060040522e+00,-2.135989887176626967e-01,-1.502010501050301761e+00
1.749751890182994707e+00,3.652172687020386999e+00,7.580163587047098694e+00,-8.516697375199660414e+00
7.632520097629118538e-01,1.847158947413375163e+00,4.505307339036493275e+00,-6.107788723164501832e+00
2.110101651720070137e+00,4.216019284527199318e+00,6.627130121131585838e+00,-7.584608589639881160e+00
6.634005257889525886e-01,1.298485991675384366e+00,2.514464619777331489e+00,-2.895421789011268121e+00
-8.059441712922925660e-01,8.118849648918526896e-01,2.693667483567891985e-01,-2.337611302340837915e-01
2.628926566889471239e+00,5.975129052140240482e+00,9.069494601108319287e+00,-9.019714360741190262e+00
1.396501595365217119e-01,-6.573477134091061380e-01,-8.463585039189118753e-01,-9.468041664968019910e-01
2.041128418509940978e+00,3.603645576532997996e+00,5.878370557935012286e+00,-5.385824554166975808e+00
-3.522778004109103911e-01,5.852275112174168958e-01,-2.752756996109790855e-01,-1.099205828199801283e-01
2.033390324839116303e+00,5.467594692578620297e+00,9.334989705209041588e+00,-8.837358412374591410e+00
8.971142503311135830e-01,3.408357519013316406e+00,5.826394301080199511e+00,-6.775784195155437395e+00
5.879843171565601878e-02,1.912759438241995014e+00,-2.135989887176626967e-01,8.707107761241807964e-01
8.788747069492097719e-01,2.887665189795451504e+00,4.751483424069092187e+00,-3.416347509038498487e+00
1.119867636928001842e+00,2.948370633231482074e+00,2.672369237587326474e+00,-3.119146827801182909e+00
-8.047884871044796995e-01,9.565261951880135172e-01,1.183769475907880731e+00,-3.269752150547393210e+00
-9.966001401916269042e-01,-7.155607559387737737e-01,-7.694592341158268400e-01,-7.271827214036327147e-01
1.238285319538494189e+00,6.187680304355873684e-01,3.130039698257089054e+00,-3.301792341399141240e+00
-3.646086136528814414e-01,-1.329438182084078934e-01,-1.764790012525956797e+00,2.100888687000568744e+00
1.749751890182994707e+00,3.660498453101826755e+00,6.302573792193373770e+00,-7.886151705864409500e+00
5.241520762773477227e-01,1.830130974635072738e-01,2.326063029052263698e+00,1.940050685324565150e+00
1.693373731309540053e+00,2.944635195145126172e+00,4.310258959971174697e+00,-4.099369223191402511e+00
4.730930989297587042e-01,1.798902392023948638e+00,3.437690702424503808e+00,-2.591881243410235403e+00
2.145982195313312246e+00,4.021641082448232041e+00,6.686422813033574997e+00,-6.933834827578830406e+00
2.628926566889471239e+00,5.133203841407411261e+00,3.781126286996914665e+00,-8.478103212527654975e+00
1.495021731008919108e+00,1.198843689692541847e+00,4.755598634022538462e+00,-9.117356238001617541e+00
-6.949950450381121581e-01,-2.092004676067338309e-02,-2.974341146787759627e+00,1.944778996239489466e+00
2.973870169221792814e-03,1.830130974635072738e-01,3.303347870264653707e+00,-1.566088770698252919e-01
1.799970309773980315e+00,3.137076113608898265e+00,6.938423009420082721e+00,-5.389628018499696971e+00
5.700276924855312011e-01,9.553625908347154194e-01,3.120221690274880277e+00,-1.439264079702657462e+00
5.294824077819355601e-01,1.624876130430529253e+00,3.337441366299212397e+00,-2.464178850675248444e+00
-4.712226930179559403e-01,2.266776071516298785e+00,2.456206249602661984e+00,-3.071419211652083980e+00
2.047295348042013075e+00,7.691113838398323743e+00,5.588193437559350940e+00,-4.533387288589751485e+00
1.214806646854393879e-01,7.669915801494938679e-01,2.369840647477561291e+00,-2.002765220242611388e+00
-9.676260402160403729e-01,-1.583493311902832712e+00,-2.974341146787759627e+00,1.100225107239716671e+00
2.729763607582730289e-01,9.726118950803703811e-01,2.135265287266520762e+00,-8.856825953735694146e-01
9.915333080660954090e-01,1.456610791873401478e+00,3.599987699923917095e+00,-4.018897999963521706e+00
1.021568463730420984e+00,7.303689938523785230e-01,4.144158891826953628e+00,-3.803614168716304977e+00
-3.844819569317112773e-01,-1.174844366639257620e+00,2.570275094821097284e-01,4.281581210023651662e-01
2.198092016748980360e+00,3.660498453101826755e+00,6.932049352433145017e+00,-5.726568822338890641e+00
1.270306179948354153e+00,3.224649504202983685e+00,6.750030705215364080e+00,-8.026832558489701341e+00
9.915333080660954090e-01,4.390129288921611472e-01,5.007294677011184802e+00,-4.596013555843621035e+00
2.768246174024085349e+00,6.555817824091067614e+00,8.312947095980335988e+00,-9.232770271706474574e+00
1.536072449909323678e-01,-2.035769840263685904e-01,7.255386236966181457e-01,4.918574298478065043e-02
3.849904283632255009e-02,-3.536950643467112743e-02,4.953010157710613925e-01,6.809040521768583432e-01
8.847044983366147974e-01,1.821833475122816237e+00,3.306676001068356907e+00,-4.439822508003596013e+00
8.896567141909209608e-01,9.684748625598209593e-01,4.640261852299822465e+00,-2.950320929370942036e+00
2.145982195313312246e+00,4.348367048184464068e+00,6.908870607817290121e+00,-7.589390469316482424e+00
1.865159358201717854e+00,3.666275359024880220e+00,6.302573792193373770e+00,-7.645198324319677496e+00
9.517410933617872493e-01,4.660954959578721635e+00,3.444009120033952875e+00,-3.031315136176987224e+00
1.413227296617679540e-01,1.643716631982452991e+00,3.910227175446918224e+00,-2.982618549894607618e+00
-1.877389040003605292e-01,-2.438096736138361642e+00,-1.236197993128579642e-01,-2.331551043674242596e-01
2.784526464744396357e+00,5.975129052140240482e+00,7.277120698213625616e+00,-8.837358412374591410e+00
1.356609287673588238e+00,2.742618274235674392e+00,5.989045925466058407e+00,-6.911302856694208963e+00
1.049686557929206732e+00,2.439989699285060709e+00,3.910227175446918224e+00,-1.274220932330656808e+00
1.646203782246052683e+00,3.292162471842590143e+00,4.384562712939261253e+00,-5.964533489067405547e+00
-9.966001401916269042e-01,1.092219852577830608e+00,-2.135989887176626967e-01,-1.588010587480187752e+00
6.575291144109884911e-01,-8.689453384371934597e-01,4.149116475141782168e+00,-3.818976348967017653e+00
1.119867636928001842e+00,1.621129226875771767e+00,4.144158891826953628e+00,-2.885567768201432237e+00
-6.332470990133893807e-01,-8.734901216439358018e-01,-2.235989400830820095e+00,3.267358464463973711e+00
3.956231788639664737e-01,1.276063565510636932e+00,1.559927302801481508e-01,-2.613346560529206997e+00
9.169746918359913401e-01,2.125998141448303791e+00,3.942277414498323029e+00,-4.893392089231287656e+00
1.005455811002279098e+00,9.195925216754123888e-01,3.096703217682216458e+00,-3.004773510283300642e+00
9.593259951266254193e-01,3.922954364834592589e+00,5.006479819759259264e+00,-6.668651739705990344e+00
2.364773998930992605e+00,4.801981628942882274e+00,7.111174576044523299e+00,-7.991607194924303492e+00
3.069863193643010968e-01,-6.747999780864462060e-01,1.183769475907880731e+00,-1.623540760588460419e+00
1.171188957124235763e+00,1.653839944143107088e+00,4.270356599110757045e+00,-5.441290098873520442e+00
2.527986736816566271e+00,4.368820839639976583e+00,6.992605026902990240e+00,-7.077479866954937471e+00
3.069863193643010968e-01,-2.316884118052866537e-01,1.273455831615612821e+00,-5.945638101615726701e-01
-1.096786098362652506e+00,-4.521456481331489918e+00,-2.980664997290159768e+00,6.361826971058526681e+00
1.139538315825787240e+00,2.887348272336796029e+00,4.051422368217181713e+00,-4.833745665239212563e+00
-2.587343434949538334e-01,5.951361550647460419e-02,-1.812771163111044359e+00,-3.594706329548063017e-01
2.449395137789230681e+00,6.136901085956486313e+00,1.041725482777262357e+01,-9.414133933230671047e+00
1.849376784972871945e+00,3.914739657661948868e+00,6.359926149031321252e+00,-6.272350437211160035e+00
6.005324752905971675e-02,1.362174175265522535e-01,3.914819050254368937e-01,-5.193239150065562804e-01
1.389165890673897952e+00,3.224649504202983685e+00,5.560475669633770934e+00,-7.675790963954191248e+00
1.130977542869589403e+00,2.100461033449193771e+00,5.213696929854157780e+00,-6.205750821520997107e+00
1.907677278147344335e+00,4.088739631923446360e+00,6.567875550483836200e+00,-7.197352550876400912e+00
1.286698230468539039e+00,3.300008202806222979e+00,6.115775375607112707e+00,-7.529545492551545927e+00
-1.902002546364660596e-01,1.561222805989663120e+00,6.020760576744594861e-01,9.134801146822232321e-01
-2.155220696357182941e-01,1.830130974635072738e-01,1.400934289675621836e+00,-1.126414389974932595e+00
7.791120467091789958e-01,1.625524095011957826e+00,4.964053196061199991e+00,-3.847139365335810801e+00
4.772244097659346096e-01,-2.657068683098917639e-02,3.769318964755070223e+00,-4.523796596646775470e+00
1.377822668130742390e+00,2.899604863680055100e+00,3.801195263170852101e+00,-5.303198122474445775e+00
-4.180225707532769786e-01,-3.285953300800096288e-01,1.817549868976951588e+00,1.233897770501494850e+00
1.157324364113691884e+00,3.262752783418147118e+00,4.602506122812131117e+00,-6.898804973699691701e+00
4.448478170012420962e-01,9.553625908347154194e-01,2.776263611185768809e+00,-1.559556163910849058e+00
2.523464482604494741e+00,4.253980535417298370e+00,6.717151372512985219e+00,-7.589841894016027268e+00
1.568794341499473610e+00,2.696719325230351405e+00,4.161485834624599534e+00,-5.731888499483480004e+00
2.063784564646532260e+00,5.091979188325682415e+00,8.248230786702416495e+00,-7.909684644403112586e+00
-2.587343434949538334e-01,-1.494559875914104108e+00,1.345981858145178123e+00,-3.046564557712490906e+00
1.008927577422188859e+00,2.160850367219984136e+00,4.055336015449470644e+00,-4.107929664728154684e+00
2.110101651720070137e+00,4.348367048184464068e+00,6.611793184906033183e+00,-8.076785074219232641e+00
1.279295019403785538e-01,5.917675680281568873e-01,4.811578656738367266e-01,-1.734379866487599120e+00
1.724326530714501260e+00,4.073758870569604618e+00,5.399764793236006888e+00,-6.689585516169896273e+00
6.634005257889525886e-01,-5.905155678804743236e-01,2.311607865611372770e+00,-2.375948963939915171e+00
1.052135893980902903e+00,1.329362498375624257e+00,3.891438753310263898e+00,-2.973135206691119858e+00
3.743440671260251928e-01,3.200367059353215193e-02,1.428454760705190951e+00,-2.393226962384610967e+00
1.581131307815042408e-02,-1.586523680721455554e-01,3.509254139807278516e+00,1.837548876017222610e-01
1.025006705163120202e+00,1.671426079465211156e+00,4.973000852566858754e+00,-6.107788723164501832e+00
2.784191018281175989e+00,4.739932750604749501e+00,1.279272490244481197e+01,-1.214166325131081869e+01
4.178190314401077909e-01,9.726118950803703811e-01,7.232447037996891925e-01,-6.685110752843519411e-01
9.593259951266254193e-01,2.496971144028695466e+00,4.973000852566858754e+00,-6.205750821520997107e+00
2.757795147567153604e-01,6.913979145238746682e-01,2.311607865611372770e+00,-2.959726063013572883e+00
-1.305237131527834382e-01,2.407913837894706255e-01,1.302282515471797186e+00,-2.865054084610520135e+00
2.450025276308376743e+00,4.967912279133058107e+00,7.111174576044523299e+00,-8.547920424687346141e+00
8.846985068870278912e-01,-3.563024728589767598e-01,5.810185780134668576e+00,-4.951393096404921756e+00
1.389165890673897952e+00,5.616102144436305288e+00,5.608906715747956184e+00,-4.764111266326351846e+00
2.364773998930992605e+00,5.685869500766123963e+00,6.376206059811793558e+00,-9.901978194592791382e+00
5.852903607546325881e-01,-6.573477134091061380e-01,-1.416647142679049454e-01,6.669068988937849607e-01
-6.461673004968830902e-01,1.176708066586236168e-01,-4.874715486464318848e-01,1.770427148573507248e+00
1.355918182306797837e-01,2.266776071516298785e+00,1.397755854537055642e+00,-6.431814676941569608e-01
2.781602304344583665e+00,3.912918427771907126e+00,8.425009348129240294e+00,-6.034885317637073143e+00
4.772244097659346096e-01,1.595301892123458298e+00,3.337441366299212397e+00,-2.903810344870700888e+00
1.484856881649776472e-01,1.643716631982452991e+00,3.067360133782142562e+00,-2.471726093557572224e+00
1.700189031198635625e+00,3.624339521238863604e+00,5.189443833463322164e+00,-6.648432702270625327e+00
1.849376784972871945e+00,3.660498453101826755e+00,6.800908680142205398e+00,-7.878728055736503144e+00
1.095056041583476247e+00,2.866096651424157926e+00,2.672369237587326474e+00,-3.140749758385141810e+00
1.530583505973648339e-01,7.669915801494938679e-01,2.656161935686846221e+00,-2.795370819756066716e+00
1.407912591743440300e+00,2.100461033449193771e+00,5.512403042943642362e+00,-4.905994339580367125e+00
1.356609287673588238e+00,3.292162471842590143e+00,7.215156082283865402e+00,-6.872874300705623440e+00
-2.787191223400014017e-01,4.391626613092661779e-01,2.384565206805056015e+00,-2.009513459827219517e+00
-8.535418470987732320e-02,1.717261142540016605e+00,-8.463585039189118753e-01,-8.468388792545623600e-01
1.159717895423434175e+00,4.263624148919466172e+00,4.310258959971174697e+00,-4.727515486738243844e+00
1.568794341499473610e+00,3.620765945855014767e+00,3.370758103377195170e+00,-4.533387288589751485e+00
-6.555871242792010722e-01,-1.514476560853258880e+00,-1.578837604512027371e+00,1.696724780435432622e+00
1.749751890182994707e+00,4.699498231117599900e+00,8.313975250265032813e+00,-8.953576743553846029e+00
1.726074766095612167e+00,2.894447733708302550e+00,2.805050380038894176e+00,-4.400855153940865350e+00
2.372921364598942873e+00,8.291931823459780304e+00,1.088010139406500087e+01,-1.163218673124828229e+01
1.540178752627191949e+00,3.300008202806222979e+00,7.353929429399956419e+00,-6.775784195155437395e+00
4.754652239575899442e-01,-5.905155678804743236e-01,4.236546388847323819e+00,-3.627897525109190724e+00
1.242594984813186976e+00,4.263624148919466172e+00,4.051422368217181713e+00,-4.400855153940865350e+00
1.738092929759423644e+00,1.610500928535515186e+00,5.821267964384015059e+00,-7.645198324319677496e+00
8.846985068870278912e-01,1.631612231319974793e+00,3.150920759354357337e+00,-3.803614168716304977e+00
2.192802731481887868e+00,4.004609568463511238e+00,8.331450798893770937e+00,-8.655628898518477499e+00
6.259155934035616209e-01,1.388059201288288635e+00,4.045461567600847630e+00,-2.418942338726106200e+00
1.890180638122656687e+00,3.335452871624571269e+00,6.115775375607112707e+00,-6.301503484410719835e+00
1.669084786441759949e+00,3.413439255928046201e+00,6.606431211860704700e+00,-6.443014213812227275e+00
8.533653929835942620e-01,2.171488161662567418e+00,3.942277414498323029e+00,-5.231415162765118865e+00
1.613918816690691926e+00,3.367720151342995294e+00,5.405501805899712409e+00,-5.884822975869231421e+00
-7.286107573128774995e-02,-7.155607559387737737e-01,-1.101114385000828255e+00,2.299185784911791153e+00
3.456525812666432884e+00,6.419963904135874699e+00,1.075191328915762945e+01,-1.345425513766739734e+01
4.956609417484914015e-01,1.453292219032076282e-01,-1.087897813087843613e-01,5.295152857977417638e-01
8.989443147976171611e-01,2.918024783331794048e-01,4.964053196061199991e+00,-4.380002339776563502e+00
-1.495305117839511588e-01,1.131067475076508178e+00,3.824366538137232929e+00,-1.762251476062024924e+00
2.786396728376909770e-01,6.178209780199237500e-01,2.502989969652141156e+00,-2.159218739802469145e+00
2.183485052484279265e+00,4.059179417926997324e+00,3.781126286996914665e+00,-8.901676371886857453e+00
1.988598472226441594e+00,7.041160711393534832e+00,7.480587158945035675e+00,-6.627052919135858033e+00
5.226774647253977779e-01,1.170769739762825612e+00,2.007830307907886080e+00,-1.921938835051876016e+00
2.033390324839116303e+00,5.133203841407411261e+00,7.286249144329194571e+00,-1.124914994926436229e+01
7.041766459952165658e-01,4.426724552637411603e-01,1.643898734228834035e+00,-4.043270553126150357e-01
1.278041161845822282e+00,3.117334874621562335e+00,7.666217925879275086e+00,-9.412413502864266590e+00
2.998104794116907001e-02,2.266776071516298785e+00,1.397755854537055642e+00,-7.422904022134435564e-01
1.396501595365217119e-01,-1.586523680721455554e-01,-1.236197993128579642e-01,6.669068988937849607e-01
5.226774647253977779e-01,-1.821137767451371792e+00,3.049455611282561041e+00,-2.002765220242611388e+00
2.147445509489583237e+00,4.361602624903232694e+00,7.648720009617991700e+00,-6.132994395389854247e+00
-1.472599749599166064e-01,9.288996803471927244e-01,-4.351153195291130871e-01,-1.092850261421679514e-01
1.050225356835515544e+00,2.724113655990999305e+00,3.775706649889611910e+00,-4.536840533745180259e+00
8.801385000000832015e-01,1.798902392023948638e+00,3.695859535313950506e+00,-1.045058294444761060e+00
1.994108739283404930e+00,4.436368155828830595e+00,5.712016039927354072e+00,-5.630228747841412584e+00
1.229212916428900959e+00,2.323792356674959869e+00,4.572764177781587946e+00,-3.979450272177624814e+00
3.456525812666432884e+00,4.592792029939582577e+00,8.855864328879844649e+00,-8.280492307194315060e+00
5.817721979621546247e-01,2.851324889932678630e+00,2.655395109843774915e+00,-2.795370819756066716e+00
1.754506571274863092e+00,3.224649504202983685e+00,4.648617873710138682e+00,-6.648432702270625327e+00
7.132711313095809746e-01,-6.100663417256166898e-01,2.258780051279178913e+00,-2.236672457084763366e+00
7.132711313095809746e-01,1.485433378626407563e+00,3.142259250255773129e+00,-2.720159794746996873e+00
4.448478170012420962e-01,8.101604800765072056e-01,2.644605073670934559e+00,-2.631598367377962155e+00
1.382676095597483501e+00,3.914739657661948868e+00,8.402552096874535081e+00,-7.589841894016027268e+00
1.764459832998817479e+00,2.996936020861209915e+00,4.122595038423641611e+00,-5.615247868593530534e+00
-5.975819888134983326e-01,-1.181410647076119202e+00,-6.432815869532919617e-01,3.788631273736697835e+00
6.335981384544103756e-01,-7.982803975004456598e-01,2.656161935686846221e+00,-2.399905581055938431e+00
8.153183495932925240e-01,-6.699067805897258587e-01,4.145347779483421036e+00,-2.857470011686442213e+00
1.208889543361511887e+00,2.615849984824122898e-01,1.939842422364934205e+00,-1.829785164277729193e+00
6.019663192163632326e-01,2.439989699285060709e+00,4.149116475141782168e+00,-2.959726063013572883e+00
1.568794341499473610e+00,2.746798597353944160e+00,5.180375244125642098e+00,-4.954834900511999152e+00
1.043905389533125172e+00,2.681558904517717945e+00,6.477774010620191980e+00,-5.519744516796157185e+00
2.142662741860403841e+00,5.133203841407411261e+00,1.279272490244481197e+01,-1.041606085450069585e+01
1.994858093398883092e+00,2.542786191120973704e+00,6.445820968805034745e+00,-7.666718497231365781e+00
1.724566843250038062e+00,3.137076113608898265e+00,6.739926869205301152e+00,-6.140592029240472982e+00
9.032129046850498888e-01,7.077206627335184130e-01,2.113929613417934839e+00,-4.951393096404921756e+00
-1.823652666893054164e-01,2.040257837837001098e+00,3.941746809628032366e+00,-6.870858480058195106e-01
7.535347909894951623e-01,1.329362498375624257e+00,4.719239637346508864e+00,-3.994999625021960821e+00
4.178190314401077909e-01,-1.821137767451371792e+00,4.405224984482861039e+00,-2.613346560529206997e+00
-5.985867026449094297e-01,9.288996803471927244e-01,3.509254139807278516e+00,-7.729771618095937491e-01
1.395775789632458741e+00,4.088739631923446360e+00,9.465130688128233771e+00,-8.516697375199660414e+00
1.610966491322188165e+00,2.574182646799866525e+00,5.731984499426569180e+00,-8.703737753164725532e+00
9.834276084957546127e-01,2.735377483803049348e+00,4.362274820578371681e+00,-4.303557559930431431e+00
2.013255843353278784e-02,8.101604800765072056e-01,1.595743784694828804e+00,-3.877005624103229131e+00
2.413290967899390793e+00,5.516837833961315773e+00,9.287900290189686103e+00,-9.525508651947022898e+00
-3.866499952309701005e-01,1.649333304095469632e+00,-1.755165137754266524e+00,-5.545123602547374908e-01
3.477634485525029628e-01,3.200367059353215193e-02,1.743060490163357290e+00,-1.631264088368709730e+00
1.052707033978025564e+00,2.866096651424157926e+00,4.620165849810737413e+00,-3.841488890097586761e+00
8.676670222157129020e-01,6.836218719858057069e-01,3.695859535313950506e+00,-1.898438248962610375e+00
3.516326102035673973e-01,8.101604800765072056e-01,1.428454760705190951e+00,-2.118698047436256449e+00
5.144195174425121309e-01,1.456610791873401478e+00,7.394752417698866154e+00,-6.256104842815016553e+00
-8.607252523424964163e-01,-3.001182772560839318e+00,-3.434080297432267059e-01,-1.269443381783767755e-01
1.540178752627191949e+00,2.639105543943356835e+00,6.191150502782985399e+00,-5.788185389540421610e+00
1.284208847704208178e+00,2.171488161662567418e+00,5.308148591306412811e+00,-3.634308152842970152e+00
1.549760114719428428e+00,3.555692042836485545e+00,4.887720819674548522e+00,-5.594590751215728019e+00
2.306379639538282067e+00,5.276789356814612475e+00,7.551991199170524638e+00,-7.720352825776445549e+00
9.301879770173898665e-01,2.527473624091498117e+00,5.512403042943642362e+00,-5.689293183303873569e+00
1.171188957124235763e+00,2.389560679214830952e+00,5.185585074342698775e+00,-4.916922071649219461e+00
5.700276924855312011e-01,-6.100663417256166898e-01,1.559927302801481508e-01,-2.631598367377962155e+00
2.413290967899390793e+00,5.915969679560133088e+00,1.117099420003916421e+01,-1.248979203412207184e+01
4.842335662764027937e-01,9.726118950803703811e-01,1.643898734228834035e+00,-5.945638101615726701e-01
8.698279648196188818e-01,-5.429138343461457072e-01,9.723305637085815079e-01,4.294283198009104296e+00
1.914806538609566733e+00,3.000020984327946838e+00,4.717344982186412850e+00,-6.301503484410719835e+00
1.380615354734044065e+00,2.496971144028695466e+00,4.519214848402189233e+00,-4.342327537530203507e+00
2.165395332124770533e+00,4.699498231117599900e+00,6.038746109191370337e+00,-6.872874300705623440e+00
-1.209624213591344866e-01,3.034326778995317664e-01,1.400767705317627065e+00,6.942136321878307204e-01
1.049686557929206732e+00,2.615849984824122898e-01,3.012947730114778899e+00,-2.399969016116048071e+00
-5.055952586254419678e-01,4.801447880333762352e-01,1.657116956091550186e+00,5.994562017927395070e-01
-1.077126249641007671e+00,-2.104041269145428661e+00,-2.061458377733918823e+00,3.203507879990235452e+00
-2.787191223400014017e-01,2.399487051123391446e+00,1.744233207497069227e+00,-1.951980824554747640e-01
1.556988871033078592e+00,3.134424025303997663e+00,4.538296507888757603e+00,-3.101075094727975490e+00
8.431576496939668930e-01,1.984161767179145164e+00,8.609324823635484236e+00,-1.230412302605128794e+01
1.683732420705066346e+00,2.251554429198275198e+00,5.063421700759564992e+00,-6.911302856694208963e+00
1.413227296617679540e-01,6.918970630547007783e-01,2.258780051279178913e+00,-2.721818449633095938e+00
-1.507377172652306641e+00,-1.816549085795665874e+00,-3.927719520546669063e+00,3.512664177786730235e+00
8.533653929835942620e-01,2.724113655990999305e+00,7.036645676409525763e+00,-4.533387288589751485e+00
2.782240293248735785e+00,4.955520055511349220e+00,8.092483712978950194e+00,-8.518186180107832683e+00
4.448478170012420962e-01,1.674834635936562899e-01,3.026189542830894474e+00,-2.748080188061893470e+00
2.237435864508702243e-01,-9.625016298651138946e-01,3.026189542830894474e+00,-3.305203339894505099e+00
2.060840637631569550e+00,5.276789356814612475e+00,6.781934537774032989e+00,-8.280492307194315060e+00
1.139782799071537012e+00,3.506366155964226294e+00,4.648617873710138682e+00,-7.645198324319677496e+00
6.097887145526266206e-01,1.621129226875771767e+00,3.902812323557739660e+00,-5.359430994764059264e+00
2.784191018281175989e+00,3.632641805909366806e+00,1.061366478628066368e+01,-1.357774230848351493e+01
6.770335198599202187e-01,2.887702821658195695e+00,2.233126267932090681e+00,-2.548913444637571857e+00
1.878359892593584490e+00,3.624339521238863604e+00,6.290688574065070426e+00,-5.615247868593530534e+00
9.571345663789501135e-01,4.486027902874983653e+00,6.349448153716457099e+00,-5.854173946986341193e+00
-6.911004949840795497e-01,-1.299905965740603131e+00,-1.121940720024190208e+00,4.735462662183524074e+00
9.212250075850125786e-01,1.844561647094828061e+00,3.012947730114778899e+00,-2.396858997396912550e+00
1.052135893980902903e+00,7.656065423224143185e-01,3.343426373912938399e+00,-3.701157515917095964e+00
-1.499620941816328656e-01,7.885284690623317605e-01,-1.029433296293637223e+00,-1.126414389974932595e+00
-1.823652666893054164e-01,6.973536964123903115e-01,1.517764766028268264e+00,-1.502010501050301761e+00
1.055991013867870976e+00,4.972604730334220235e-01,5.762849620156783814e+00,-6.688225424240637373e+00
1.578274490971995903e+00,3.579462727801961286e+00,4.906899363199635822e+00,-4.174070329482093555e+00
8.440151845915165874e-01,1.995508946572955633e+00,2.247430353865196295e+00,-3.183330571094913797e+00
-3.175015507388776470e-01,1.422724006955278231e+00,-1.236197993128579642e-01,6.942136321878307204e-01
5.226774647253977779e-01,1.057060121158532651e+00,1.945885366706749720e+00,-1.372880547165123311e+00
-1.695916238769255013e-01,8.887641953249314497e-02,-2.752756996109790855e-01,-3.398028556132915989e-01
1.149909393443215411e+00,-2.657068683098917639e-02,2.487905887424863405e+00,-1.775365953285481524e+00
1.413227296617679540e-01,-8.443806755108802520e-01,2.514464619777331489e+00,-4.685404049479503286e+00
1.927225841506451820e+00,5.473399669026965064e+00,7.246343147647380967e+00,-8.358898096221050622e+00
5.533896128261137637e-01,-1.190867217643905240e+00,3.326300141827367440e+00,8.754416817500620951e-02
3.148104914335430049e-01,1.170769739762825612e+00,3.142259250255773129e+00,-3.356002794734008088e+00
5.973963907650646776e-01,2.580092673396917391e+00,7.095531202636002899e-01,-1.784128744305853109e+00
2.222262977418237861e-01,-4.806909315813983063e-01,2.369840647477561291e+00,-1.491694114567094998e+00
1.841316947412293459e+00,3.115991482414842917e+00,7.480587158945035675e+00,-7.886151705864409500e+00
8.676670222157129020e-01,6.324681504872845528e-01,2.713918373095292935e+00,-1.567519223363782910e+00
2.619985811122387265e-01,2.188364309360959048e+00,1.194427432771524078e+00,-1.787867030472556795e+00
1.233050800865589824e+00,2.206036470639827662e+00,2.247430353865196295e+00,-2.622341506127388477e+00
2.282849637615699478e+00,5.398368594905431195e+00,8.135779707363949953e+00,-9.414133933230671047e+00
-2.159400824740216329e-01,4.051275663771363167e-01,3.067360133782142562e+00,-3.818976348967017653e+00
1.284208847704208178e+00,2.934491995805920350e+00,3.444009120033952875e+00,-2.885567768201432237e+00
-5.317741380744525070e-01,-2.092004676067338309e-02,-4.874715486464318848e-01,2.001718830855983455e+00
1.600418584625793672e+00,3.300008202806222979e+00,5.330178698756293798e+00,-6.303103954967576250e+00
2.183485052484279265e+00,5.467594692578620297e+00,3.781126286996914665e+00,-9.394330171662524265e+00
6.749736883968833201e-01,9.877990501259077405e-01,2.736618704219357934e+00,-4.596013555843621035e+00
1.606345781309465037e+00,7.691113838398323743e+00,5.807078499355037060e+00,-6.185188826645452664e+00
3.229829650346380809e+00,8.958529953012734026e+00,8.312947095980335988e+00,-1.163218673124828229e+01
-1.273556608774128129e+00,-1.724524244729278344e+00,-1.749887677491097193e+00,3.160876816825655133e+00
2.498143439398980981e-01,3.206424345884977267e+00,3.130039698257089054e+00,-4.536840533745180259e+00
4.786761058824191561e-01,6.324681504872845528e-01,3.171636360243284436e+00,-3.613341809965455731e+00
2.629643976552630935e+00,4.519627570586779441e+00,8.426333780568056042e+00,-9.133685859406371677e+00
9.764765614194852450e-01,4.168457395561931400e-01,1.643898734228834035e+00,-1.951980824554747640e-01
-2.159400824740216329e-01,-1.190867217643905240e+00,3.067360133782142562e+00,-4.270758437198898250e+00
2.183485052484279265e+00,4.677330781769477142e+00,6.800908680142205398e+00,-6.933834827578830406e+00
1.233050800865589824e+00,7.077206627335184130e-01,4.144158891826953628e+00,-3.274760000401438553e+00
2.449395137789230681e+00,4.118831700412196817e+00,7.277120698213625616e+00,-1.056337992852644803e+01
1.764133000144263441e-01,3.200367059353215193e-02,3.389097513571540432e+00,-2.471726093557572224e+00
2.359619137072563433e+00,4.747703879122048498e+00,6.038746109191370337e+00,-6.627052919135858033e+00
1.149909393443215411e+00,3.339259496119237891e-01,2.258775802353666151e+00,-2.375948963939915171e+00
1.792743355011102935e+00,4.455511178956458984e+00,4.717344982186412850e+00,-5.788185389540421610e+00
-7.017279273919974081e-02,1.253429171645879192e+00,9.882098947143812540e-01,-5.945638101615726701e-01
-4.991990972523518977e-02,-2.446241098994706764e+00,-1.664443710941482690e+00,8.266995346096326358e+00
9.174400345238897803e-01,3.339259496119237891e-01,4.048736447731651644e+00,-3.726578943437262925e+00
-4.135243129483208158e-01,1.649333304095469632e+00,8.745361699625048280e-02,-9.468041664968019910e-01
1.061941309504458530e+00,-4.346626975301943752e-01,5.008503926236263837e+00,-5.106838276698801415e+00
3.269490024200217837e-01,6.284059361459128912e-01,2.553169969608283907e+00,7.595533398225344790e-01
7.939168911264459227e-01,1.333981666983241610e-01,4.008471992434151865e+00,-3.183330571094913797e+00
9.743266470569353910e-01,4.055584553403769332e-01,5.007294677011184802e+00,-4.303557559930431431e+00
2.498143439398980981e-01,-7.422841141485432281e-01,2.247430353865196295e+00,-5.376428373751544143e+00
3.743440671260251928e-01,-1.479054462122185720e-01,2.713918373095292935e+00,-3.269752150547393210e+00
2.142662741860403841e+00,3.912918427771907126e+00,7.122631284797752649e+00,-8.856445509582107078e+00
-2.542727530144874848e-01,1.649333304095469632e+00,-9.317862971075840939e-01,-3.503098302962807109e-01
-1.137921874857373616e+00,-2.092004676067338309e-02,-3.088192017277340717e+00,3.282493615909341855e+00
8.738301982880636309e-02,-1.406342133060040522e+00,2.570275094821097284e-01,1.511226076806631458e+00
2.198092016748980360e+00,3.814968645290284677e+00,6.359926149031321252e+00,-5.698205679197509532e+00
8.664537176619481196e-01,1.471051094257339376e+00,4.149116475141782168e+00,-2.317446166356256221e+00
6.711869859757231271e-01,2.445006288303083419e+00,5.086378910127844932e+00,-5.365770026715761531e+00
-7.017279273919974081e-02,6.415429889125919827e-01,1.484073700185715605e+00,2.063852565219375101e-01
1.147797363626551048e+00,5.942947595032241903e-01,3.902812323557739660e+00,-4.363741392337922242e+00
2.998104794116907001e-02,-1.190867217643905240e+00,1.507067508267318168e+00,-2.504787725876581383e+00
-5.055952586254419678e-01,-2.452222868849093906e+00,-7.694592341158268400e-01,-3.503098302962807109e-01
1.286698230468539039e+00,2.639105543943356835e+00,8.039281826361003525e+00,-6.164197621373853408e+00
9.517410933617872493e-01,3.007952913833713549e+00,4.691862743641245004e+00,-4.380002339776563502e+00
9.726103497900788764e-01,1.674834635936562899e-01,-9.845210425187943537e-01,-8.384494387285257311e-01
4.956609417484914015e-01,4.051275663771363167e-01,-7.843807157013480413e-01,-4.043270553126150357e-01
2.729763607582730289e-01,2.063113358218680027e-01,2.456206249602661984e+00,-2.118698047436256449e+00
2.013255843353278784e-02,1.259547444377856706e+00,3.142259250255773129e+00,-3.825056977004894332e+00
1.469403139905715916e+00,3.922954364834592589e+00,4.310258959971174697e+00,-4.234069359085923523e+00
9.517410933617872493e-01,5.942947595032241903e-01,4.512209239581065567e+00,-5.807643992504434749e+00
-9.576139246629287172e-01,-2.365356326702463541e+00,6.538756556915188423e-01,1.323531163219776818e+00
2.782240293248735785e+00,6.562637402593384017e+00,8.855864328879844649e+00,-8.358921947581837486e+00
9.169746918359913401e-01,1.847158947413375163e+00,4.273510126641071771e+00,-4.740026584718134650e+00
1.610966491322188165e+00,3.814968645290284677e+00,6.776711928095155102e+00,-8.456832089476648662e+00
1.516661999321193832e+00,4.214460489223265327e+00,5.707411896657298200e+00,-5.457466890472100651e+00
1.945339025760439045e+00,3.908818890298371151e+00,9.713134547397830332e+00,-9.783950244702529275e+00
2.510162999333960254e+00,1.556081924522124682e+00,3.927232201886446283e+00,-6.288312723981464458e+00
5.011230053170590004e-01,-9.625016298651138946e-01,2.502989969652141156e+00,-2.418942338726106200e+00
1.052707033978025564e+00,3.007952913833713549e+00,4.450867402485667590e+00,-3.841488890097586761e+00
1.764459832998817479e+00,3.488449654979342007e+00,6.720708084584158470e+00,-5.300892554929964362e+00
1.890180638122656687e+00,4.510190661525578903e+00,6.089533184901977592e+00,-5.708870307091811647e+00
1.258079261271433547e+00,7.565180522998062873e-01,2.344307818303978941e+00,-2.672081080121310848e+00
9.764765614194852450e-01,2.904006132868571122e+00,4.405224984482861039e+00,-3.378045932454569744e-01
2.116319229343794905e+00,4.348367048184464068e+00,8.773872748935090726e+00,-7.683631698725887915e+00
8.676670222157129020e-01,1.112293562775974465e-01,2.477201384898406911e+00,-3.183330571094913797e+00
1.778450296091608429e+00,4.413627904872780228e+00,4.602506122812131117e+00,-5.457466890472100651e+00
3.530195547812674528e-01,1.069064041370484608e+00,2.429789878278178605e+00,-3.627897525109190724e+00
2.306379639538282067e+00,1.556081924522124682e+00,6.445820968805034745e+00,-7.274066103003274719e+00
3.355025422040879279e-01,-6.892668583339045529e-01,1.302282515471797186e+00,-2.306169888235171328e+00
1.080722097592219599e+00,9.816803168309021776e-01,2.344307818303978941e+00,-2.720159794746996873e+00
1.856018029391192981e+00,2.777898203350394724e+00,6.205277142401827817e+00,-9.095813542365835502e+00
8.871534416633897191e-01,2.206036470639827662e+00,4.964053196061199991e+00,-4.125328020517028627e+00
1.937219766824856970e+00,1.984161767179145164e+00,6.855346305559995024e+00,-6.821566937367553152e+00
6.711869859757231271e-01,7.656065423224143185e-01,4.620165849810737413e+00,-5.256558801636041167e+00
9.994895865122120915e-01,9.661779344539223047e-01,4.250122539020704693e+00,-4.628044962321169464e+00
-7.214731269004133196e-01,-1.707702411078407811e+00,9.513142305037114443e-01,1.870048866625229067e+00
9.186150326404820543e-01,2.735377483803049348e+00,4.055336015449470644e+00,-4.363741392337922242e+00
1.259050443577744760e+00,3.134424025303997663e+00,4.512209239581065567e+00,-4.546684117871277131e+00
2.329723400997809613e-01,1.362174175265522535e-01,1.925083095069870964e+00,4.346986916005417534e-01
2.782240293248735785e+00,6.383714396982886008e+00,6.376206059811793558e+00,-9.232770271706474574e+00
8.989443147976171611e-01,2.516629624491002915e+00,2.130814604301834780e+00,-4.951393096404921756e+00
7.041766459952165658e-01,1.967909900164660719e+00,2.135265287266520762e+00,4.624667833799311900e-01
1.153516554455013665e+00,1.209115366812177461e+00,2.344307818303978941e+00,-2.903810344870700888e+00
1.649724387863925390e+00,2.090330706326671173e+00,5.008503926236263837e+00,-3.031315136176987224e+00
7.657749570356147117e-01,2.029007658641359235e+00,3.364936692630791981e+00,-3.728894863700601192e+00
8.676670222157129020e-01,1.485433378626407563e+00,3.437690702424503808e+00,-1.762251476062024924e+00
-9.576139246629287172e-01,-1.850771841732103518e+00,-9.772267332742462509e-01,2.256383936960877357e+00
2.628926566889471239e+00,5.685869500766123963e+00,9.167230063724540301e+00,-7.991607194924303492e+00
-5.718782642774837832e-01,3.034326778995317664e-01,3.914819050254368937e-01,-1.491694114567094998e+00
2.157824795230597559e+00,3.814968645290284677e+00,6.932049352433145017e+00,-5.457466890472100651e+00
3.998147440342152414e-01,7.268065311523499439e-01,2.879852712310454699e+00,-3.592251811983573795e+00
1.706930551892763992e+00,3.914739657661948868e+00,6.750030705215364080e+00,-7.274066103003274719e+00
1.125177820206503032e+00,2.669027155062004386e+00,7.394752417698866154e+00,-5.033612089547559343e+00
1.131837534133511181e+00,1.982520887094467499e+00,4.435125464970076870e+00,-6.033410605422829143e+00
6.718111090274754282e-01,2.591789542441889083e+00,4.640261852299822465e+00,-2.973135206691119858e+00
-8.457408167769104868e-01,-1.408850010340042314e+00,1.174639548594658800e+00,-2.337611302340837915e-01
5.973963907650646776e-01,1.609073320252009553e+00,4.405224984482861039e+00,-1.588010587480187752e+00
1.007305091009852216e+00,1.631612231319974793e+00,3.549417097581814673e+00,-3.160592347779803024e+00
-4.079849325083457767e-01,-1.076846054628672666e+00,-1.781986452459710935e-01,-9.468041664968019910e-01
6.915296173557046178e-01,1.996051096765950383e+00,7.394752417698866154e+00,-6.288312723981464458e+00
2.197412347251062048e+00,2.542786191120973704e+00,7.049810619289686997e+00,-6.153861395498517517e+00
1.007087998694180309e+00,7.077206627335184130e-01,4.038767424813405782e+00,-4.916922071649219461e+00
-1.631158019288803107e-01,6.415429889125919827e-01,8.391917390351820716e-01,-1.851873500606798784e-01
1.278041161845822282e+00,6.200327601557514612e+00,7.648720009617991700e+00,-7.597614726933405116e+00
1.104260154525066984e+00,3.269456436016712875e+00,3.775706649889611910e+00,-4.546684117871277131e+00
9.743266470569353910e-01,2.377522303908281565e+00,2.736618704219357934e+00,-4.018897999963521706e+00
1.422393943677880745e+00,9.661779344539223047e-01,4.261084870903705912e+00,-3.159643764616870243e+00
-1.495305117839511588e-01,-1.055759417515852228e+00,2.456206249602661984e+00,-3.305203339894505099e+00
5.879843171565601878e-02,5.210973499585478397e-01,3.303347870264653707e+00,-1.851873500606798784e-01
1.997339299094211817e+00,2.251554429198275198e+00,4.384562712939261253e+00,-5.441290098873520442e+00
3.867477610489781226e-01,4.391626613092661779e-01,-1.324961266095245893e+00,6.775909996448197248e-01
8.871534416633897191e-01,1.821833475122816237e+00,4.038767424813405782e+00,-4.510950358981737018e+00
1.187473483782198080e+00,2.516629624491002915e+00,3.444009120033952875e+00,-3.301792341399141240e+00
1.590009656701228069e+00,4.413627904872780228e+00,6.855346305559995024e+00,-6.775784195155437395e+00
3.229829650346380809e+00,5.980272548563640100e+00,9.774028873033346443e+00,-9.611258878355400270e+00
2.372921364598942873e+00,4.785896219247951500e+00,9.320025465934701714e+00,-1.008195367183792790e+01
1.574355779858288340e+00,2.882880043865889697e+00,5.506611130070502291e+00,-5.788185389540421610e+00
2.033390324839116303e+00,5.398368594905431195e+00,7.277120698213625616e+00,-1.230412302605128794e+01
2.599990783887095036e-01,1.820572645897963193e-01,2.466932834869359770e+00,-5.545123602547374908e-01
-2.304177530843922739e-01,5.917675680281568873e-01,7.095531202636002899e-01,-3.837373514482727455e+00
3.360532785128578226e-01,2.313908396764266850e+00,1.842779674210655916e+00,8.754416817500620951e-02
1.764133000144263441e-01,1.276063565510636932e+00,3.389097513571540432e+00,-2.278512295307547397e+00
2.837405489273370218e-01,1.044966661931653773e+00,-1.087897813087843613e-01,4.624667833799311900e-01
1.748335440375751837e+00,3.367720151342995294e+00,6.720708084584158470e+00,-5.385824554166975808e+00
2.147445509489583237e+00,4.466320573815342421e+00,6.527462346365767054e+00,-6.400205100238339995e+00
6.005324752905971675e-02,4.077828618723328691e-01,2.594616613056654586e+00,-8.883507144013684798e-01
-6.146450757815269395e-01,-1.329438182084078934e-01,1.002409554900632882e-01,9.134801146822232321e-01
1.395775789632458741e+00,5.697113668414648835e+00,9.254583846576426964e+00,-6.182217015578698849e+00
6.097887145526266206e-01,2.071196764746633612e+00,4.250122539020704693e+00,-4.888416829573909439e+00
-2.627825574830573441e-01,-1.092901018920617418e+00,-1.242456095997796772e-01,-3.216439066061216323e-01
4.608389860059076693e-01,1.276063565510636932e+00,3.049455611282561041e+00,-1.559556163910849058e+00
5.351509915482397517e-01,7.268065311523499439e-01,2.526125696191979575e+00,-3.305203339894505099e+00
7.939168911264459227e-01,1.162138443661732135e+00,2.713918373095292935e+00,-2.075166583473170956e+00
2.883558785261651991e+00,5.915969679560133088e+00,1.117099420003916421e+01,-1.215696496096420276e+01
1.856018029391192981e+00,5.473399669026965064e+00,6.611793184906033183e+00,-8.655628898518477499e+00
1.079291927456461186e+00,3.707650026948622113e+00,4.171914120428934503e+00,-3.031315136176987224e+00
1.286698230468539039e+00,3.262752783418147118e+00,6.633941334606097584e+00,-6.443014213812227275e+00
1.351858046396214874e+00,3.555692042836485545e+00,5.745363510663107576e+00,-6.301503484410719835e+00
6.718111090274754282e-01,1.844561647094828061e+00,4.083439750542904534e+00,-3.563003468385512740e+00
1.448039135779496611e+00,3.179690482935757956e+00,6.191150502782985399e+00,-5.878738636438451515e+00
4.216508113680770276e-01,6.836218719858057069e-01,2.176046269592192939e+00,-4.105216765677166535e+00
-8.457408167769104868e-01,3.034043370902672621e-01,-1.055271752239373306e+00,1.648229872574416000e-01
9.167210278745563379e-02,-6.573477134091061380e-01,-1.677323760542634323e+00,-1.188929607504171093e+00
8.440151845915165874e-01,2.804116364972376374e+00,3.024892729315823203e+00,-2.591881243410235403e+00
3.998147440342152414e-01,6.324681504872845528e-01,4.236546388847323819e+00,-3.616953924468912618e+00
1.726074766095612167e+00,7.691113838398323743e+00,2.770753980709750763e+00,-5.359430994764059264e+00
2.511897863916177531e+00,5.417239102109151716e+00,8.406508497322407791e+00,-8.927334572575807314e+00
2.510162999333960254e+00,4.072230505058167083e+00,5.990619848579004092e+00,-5.939045175358812045e+00
2.628926566889471239e+00,5.102341063989957348e+00,8.247848840309268681e+00,-7.589841894016027268e+00
1.576695096121126571e+00,3.282053202524092494e+00,5.471356416414756119e+00,-4.234069359085923523e+00
8.846985068870278912e-01,2.450439007392026358e+00,4.914159986086735543e+00,-3.041791066646565067e+00
1.021568463730420984e+00,2.051934851912383451e+00,2.486635880577570568e+00,-3.268637651244069797e+00
1.286698230468539039e+00,3.476007040210592258e+00,7.922019918907587055e+00,-6.153861395498517517e+00
5.011230053170590004e-01,-9.625016298651138946e-01,3.120221690274880277e+00,-2.221858210175208459e+00
-1.495305117839511588e-01,5.210973499585478397e-01,-1.097224628691623183e-01,-8.883507144013684798e-01
1.448039135779496611e+00,3.676112761809216867e+00,5.213696929854157780e+00,-5.140627989371840734e+00
2.192802731481887868e+00,4.457048877926925279e+00,8.247848840309268681e+00,-9.412413502864266590e+00
-3.646086136528814414e-01,-1.381403895945557014e+00,-1.664443710941482690e+00,2.395732939457670518e+00
9.167210278745563379e-02,3.203250997578458437e-01,2.331368236396524019e+00,2.639749026950567456e-01
2.237435864508702243e-01,4.328566995209792712e-02,2.258780051279178913e+00,-2.613346560529206997e+00
1.878359892593584490e+00,3.386939679290343008e+00,5.588193437559350940e+00,-6.185188826645452664e+00
-2.978146630124447469e-01,-1.406342133060040522e+00,6.829600643965875184e-01,-2.337611302340837915e-01
5.048457926220657477e-01,1.429478161659056612e+00,2.655395109843774915e+00,-3.160592347779803024e+00
1.975807242056742075e+00,3.282974325277098426e+00,8.425009348129240294e+00,-7.666182064726386969e+00
4.528001996533239648e-01,1.396402453481333072e+00,-6.404862144384111389e-01,-3.398028556132915989e-01
-5.317741380744525070e-01,9.591624839516186274e-01,-1.121940720024190208e+00,4.294283198009104296e+00
1.487451511329393350e+00,3.579462727801961286e+00,4.822408913229985217e+00,-4.967802564158039225e+00
1.005455811002279098e+00,3.339259496119237891e-01,2.655395109843774915e+00,-2.881839158973123816e+00
1.600418584625793672e+00,3.476007040210592258e+00,5.213696929854157780e+00,-5.106838276698801415e+00
1.412001121971691031e+00,2.139158951262205122e+00,5.588193437559350940e+00,-7.666718497231365781e+00
3.307953630191312611e-01,7.669915801494938679e-01,3.605648859871091183e+00,-1.350803809487608476e+00
8.989443147976171611e-01,2.107351379406384506e+00,4.250122539020704693e+00,-4.543684874184888756e+00
1.805201737333282708e+00,1.260169103207481101e+00,5.012410812805848437e+00,-5.666733694345914785e+00
2.906827714155452824e+00,5.062937712926738776e+00,7.277120698213625616e+00,-1.056337992852644803e+01
8.989443147976171611e-01,4.259037484468372270e+00,3.764465926794823503e+00,-2.768167742492972039e+00
2.359619137072563433e+00,4.023393894494616596e+00,6.391621384602654388e+00,-6.816151298284414572e+00
8.440151845915165874e-01,9.195925216754123888e-01,3.629482516873315578e+00,-3.616953924468912618e+00
2.145982195313312246e+00,3.853790973961984445e+00,6.750030705215364080e+00,-6.034885317637073143e+00
9.186150326404820543e-01,2.948370633231482074e+00,3.205206338912771624e+00,-4.211239124980253656e+00
-2.100405309627328965e-01,-2.818640108370705999e+00,-1.764790012525956797e+00,1.100225107239716671e+00
6.917401481488923976e-01,1.209115366812177461e+00,6.413206908292672814e+00,-5.236311764980078109e+00
1.856018029391192981e+00,6.203241333173613370e+00,1.200315187377016812e+01,-7.584608589639881160e+00
6.579997463148106185e-01,2.735186061389042411e+00,2.661629885249808147e+00,-3.277183821185023493e+00
1.146324260526181193e+00,1.336663711691204792e+00,3.669994909129505434e+00,-3.841488890097586761e+00
8.431576496939668930e-01,5.253206105080302279e+00,7.580163587047098694e+00,-1.006626998630308201e+01
1.499338559379978175e+00,2.596648964967492645e+00,3.527289130427226471e+00,-6.108641967065685741e+00
5.826064050450272536e-01,1.069064041370484608e+00,2.644605073670934559e+00,-2.049760056198106639e+00
3.269490024200217837e-01,2.222399656571398263e-01,1.703565858271355093e+00,4.281581210023651662e-01
1.448053486440312732e+00,3.408357519013316406e+00,4.906899363199635822e+00,-4.688812720016056979e+00
-9.637003822644962803e-02,-1.546724106852699787e+00,9.723305637085815079e-01,1.100225107239716671e+00
8.364920494255538852e-01,2.160850367219984136e+00,4.521626089467667420e+00,-4.784540685185303843e+00
1.690322834602633328e-01,1.912759438241995014e+00,-1.812771163111044359e+00,8.707107761241807964e-01
1.171188957124235763e+00,2.887348272336796029e+00,4.989399130651057668e+00,-4.231015203659817203e+00
1.613918816690691926e+00,3.694876411914703507e+00,3.519526426790221763e+00,-5.098025805243107555e+00
1.125657495663727081e+00,3.176121319141210542e+00,5.180375244125642098e+00,-5.878738636438451515e+00
1.344179562658861959e+00,3.935802075253218568e+00,4.814708618694043096e+00,-6.364056876968262166e+00
1.316069199586074490e+00,2.527473624091498117e+00,2.093075650090928441e+00,-4.951393096404921756e+00
-1.147024981819431133e-01,1.909978519962641785e-01,1.400767705317627065e+00,3.204632328519706475e-01
1.479070140993158367e+00,2.969601983132626799e+00,4.552471408300574396e+00,-4.133098448804703118e+00
1.406669159161384242e+00,2.658516699549597462e+00,5.308148591306412811e+00,-3.101075094727975490e+00
1.080722097592219599e+00,8.628433000302369038e-01,3.024892729315823203e+00,-2.895421789011268121e+00
1.291377552534434203e+00,2.090330706326671173e+00,3.775706649889611910e+00,-4.456262864608370400e+00
8.989443147976171611e-01,7.656065423224143185e-01,4.261084870903705912e+00,-4.107929664728154684e+00
7.481341554143088324e-01,1.058088631489694009e+00,2.661629885249808147e+00,-3.748854152939494533e+00
-6.461673004968830902e-01,-1.381403895945557014e+00,1.008370914681318009e+00,1.100225107239716671e+00
-1.499620941816328656e-01,-6.372078473852762492e-01,-1.087897813087843613e-01,-7.271827214036327147e-01
9.150401714406589671e-01,2.516629624491002915e+00,5.085171682963842699e+00,-4.888416829573909439e+00
6.281997949186870489e-01,5.151991416429504422e-01,1.194427432771524078e+00,-1.993167370542389794e+00
7.205152748190366552e-01,1.741653430720546236e+00,2.736618704219357934e+00,-4.216756543953870562e+00
1.516525025458480558e-01,8.639854093135812541e-02,2.456206249602661984e+00,-2.002765220242611388e+00
8.364920494255538852e-01,5.733598292461208334e-01,2.093075650090928441e+00,-6.256104842815016553e+00
-3.412189716794808980e-01,-2.818640108370705999e+00,2.693667483567891985e-01,1.564575337507145281e-01
1.997339299094211817e+00,2.611254370059123975e+00,5.453124074572479607e+00,-5.594590751215728019e+00
4.125724322456528759e-01,4.168457395561931400e-01,3.152599680239990487e+00,-3.060193384253784732e+00
2.998104794116907001e-02,3.406131426060495793e-01,1.348398781618144415e+00,-1.439264079702657462e+00
8.788747069492097719e-01,9.877990501259077405e-01,3.581518541286239365e+00,-3.887330884103373130e+00
-6.815339536814488675e-01,-8.734901216439358018e-01,-1.578837604512027371e+00,2.100888687000568744e+00
1.988598472226441594e+00,4.196076035908868462e+00,8.609324823635484236e+00,-9.602598547658148576e+00
1.354539261099071634e+00,2.696719325230351405e+00,5.561498877429031040e+00,-6.153861395498517517e+00
7.844873855217346925e-01,2.160850367219984136e+00,4.538296507888757603e+00,-5.205668592589662858e+00
1.205310781797719333e-01,-1.386594293978602899e+00,-5.630664067199883105e-01,2.256383936960877357e+00
1.130977542869589403e+00,2.434579851844733245e+00,6.711700079585279255e+00,-5.697263863364518954e+00
9.150401714406589671e-01,1.745040218916588115e-01,5.185585074342698775e+00,-5.910691705318414257e+00
1.578274490971995903e+00,3.408357519013316406e+00,3.370758103377195170e+00,-4.439822508003596013e+00
6.019663192163632326e-01,2.070073675179050277e+00,2.429789878278178605e+00,-2.903810344870700888e+00
1.045861469947177991e-01,-1.092901018920617418e+00,6.496307571425572469e-01,1.537969106562769195e+00
1.781885502333705684e+00,4.654371134941418298e+00,8.115754496106303506e+00,-7.680531936061284703e+00
1.749751890182994707e+00,4.348367048184464068e+00,6.078561025897672110e+00,-9.901978194592791382e+00
2.150477295175504899e+00,5.276789356814612475e+00,7.580163587047098694e+00,-7.111807794387514647e+00
1.159349064717362099e+00,1.352641304784519827e+00,5.686220290706151204e+00,-2.973433301583570110e+00
3.042942948439690820e+00,5.549580638276998990e+00,9.217227351827171233e+00,-6.400205100238339995e+00
-1.617279514244946981e+00,-4.521456481331489918e+00,-4.634801618008113522e+00,3.160204612215864017e+00
1.436207103703563970e+00,3.579462727801961286e+00,3.519526426790221763e+00,-5.300892554929964362e+00
1.057421013862336334e+00,1.996051096765950383e+00,3.042807385155888777e+00,-4.174791985966180619e+00
-1.631158019288803107e-01,-4.923345748173657555e-02,-2.752756996109790855e-01,8.754416817500620951e-02
-3.866499952309701005e-01,-1.580183086763439215e-01,9.723305637085815079e-01,1.067652549076676838e+00
1.258079261271433547e+00,5.363724008887296169e-01,3.024892729315823203e+00,-2.591881243410235403e+00
1.080868396041208435e+00,2.724113655990999305e+00,3.854937577606709187e+00,-4.422880378198409623e+00
5.351509915482397517e-01,1.595301892123458298e+00,4.149116475141782168e+00,-3.004773510283300642e+00
-4.101851555975746244e-01,6.114246617482403945e-01,-5.496391627187555140e-02,-1.092850261421679514e-01
7.899997870530324207e-01,1.609073320252009553e+00,4.405224984482861039e+00,-6.870858480058195106e-01
6.799979449895077188e-02,7.885284690623317605e-01,-6.471321526288464909e-02,-1.092850261421679514e-01
4.772244097659346096e-01,1.491990745503457338e+00,2.345251930342944657e+00,-3.369049281209145263e+00
-1.719323226613094224e-01,8.973815776602225291e-01,1.817549868976951588e+00,1.312380675195393254e+00
4.448478170012420962e-01,1.259547444377856706e+00,1.559927302801481508e-01,-2.046194024600969552e+00
2.619985811122387265e-01,9.414965331610140042e-01,2.369840647477561291e+00,-1.855161204605674019e+00
2.145982195313312246e+00,3.546368079479814472e+00,8.418856044290341956e+00,-5.389628018499696971e+00
1.125657495663727081e+00,2.434579851844733245e+00,4.534846198482978430e+00,-6.067000232905565227e+00
4.125724322456528759e-01,1.259547444377856706e+00,3.389097513571540432e+00,-1.762251476062024924e+00
1.426312881163388946e+00,1.861930396065553550e+00,6.200516120981623303e+00,-5.468774956543549060e+00
2.013255843353278784e-02,1.276063565510636932e+00,4.236546388847323819e+00,-4.018897999963521706e+00
6.579997463148106185e-01,1.943068554389693503e+00,2.447492496399278572e+00,-3.877005624103229131e+00
1.706930551892763992e+00,4.436368155828830595e+00,5.704197576085910271e+00,-6.992300423514893559e+00
1.988598472226441594e+00,4.021641082448232041e+00,7.122631284797752649e+00,-8.655628898518477499e+00
8.431576496939668930e-01,4.455511178956458984e+00,9.020466213720592208e+00,-9.901978194592791382e+00
1.487451511329393350e+00,2.746798597353944160e+00,5.512403042943642362e+00,-4.776193311081176951e+00
1.617550431682786005e-01,-4.806909315813983063e-01,2.369840647477561291e+00,-1.921938835051876016e+00
1.159717895423434175e+00,2.628530164055393303e+00,5.086378910127844932e+00,-4.133098448804703118e+00
1.495021731008919108e+00,3.166818252300810155e+00,4.567530366948030718e+00,-7.645198324319677496e+00
-2.978146630124447469e-01,5.852275112174168958e-01,-1.812771163111044359e+00,-4.043270553126150357e-01
2.413290967899390793e+00,4.993486266425849252e+00,7.555010172234018384e+00,-8.837358412374591410e+00
1.479070140993158367e+00,2.177674059243722038e+00,4.505307339036493275e+00,-4.829651171515996211e+00
1.156867049010960047e+00,2.866096651424157926e+00,2.736618704219357934e+00,-3.159643764616870243e+00
-1.403871595244636783e-01,1.649333304095469632e+00,6.829600643965875184e-01,1.312380675195393254e+00
-8.535418470987732320e-02,1.362174175265522535e-01,1.744233207497069227e+00,-6.431814676941569608e-01
1.778450296091608429e+00,4.817620818878097566e+00,4.739047164894914843e+00,-7.260679372923104502e+00
-3.522778004109103911e-01,9.565261951880135172e-01,1.517764766028268264e+00,-1.631264088368709730e+00
9.174400345238897803e-01,1.621129226875771767e+00,4.261084870903705912e+00,-3.712890753769668262e+00
1.171188957124235763e+00,1.919885618503055280e+00,5.085171682963842699e+00,-5.231415162765118865e+00
1.469627731825682737e+00,2.894447733708302550e+00,4.435125464970076870e+00,-5.468774956543549060e+00
9.301879770173898665e-01,2.171488161662567418e+00,7.351432662660533524e+00,-5.033612089547559343e+00
1.278041161845822282e+00,6.009632028400870851e+00,5.666836337995465378e+00,-6.872874300705623440e+00
1.754731807604527072e+00,2.285198490955812289e+00,2.805050380038894176e+00,-4.342327537530203507e+00
-3.893592176057740772e-01,-2.452222868849093906e+00,-2.235497758053607287e-01,-9.468041664968019910e-01
1.690322834602633328e-01,8.180592715319117136e-01,1.842779674210655916e+00,-5.545123602547374908e-01
3.477634485525029628e-01,9.726118950803703811e-01,3.824366538137232929e+00,-7.422904022134435564e-01
4.178190314401077909e-01,9.414965331610140042e-01,2.456206249602661984e+00,-1.322316274871277342e+00
2.413290967899390793e+00,7.407156356116507467e+00,1.279272490244481197e+01,-9.611258878355400270e+00
1.436207103703563970e+00,2.547592337337565738e+00,6.633941334606097584e+00,-6.106222776178413802e+00
-2.136494370538168930e-01,8.887641953249314497e-02,2.331368236396524019e+00,-1.015609236526956449e-01
9.186150326404820543e-01,2.125998141448303791e+00,4.827510743034154395e+00,-4.740026584718134650e+00
2.490850376585359349e+00,5.091979188325682415e+00,5.204126329707580823e+00,-6.872621830546954413e+00
2.768246174024085349e+00,6.393734515556771747e+00,9.124802754238931612e+00,-8.601106506090895110e+00
1.089981497060486193e+00,1.233045880640497582e+00,4.887720819674548522e+00,-7.260679372923104502e+00
1.499090164486866383e+00,2.687698175007843027e+00,6.272310015995029353e+00,-4.133098448804703118e+00
6.973687541929918243e-01,2.130282986578522220e+00,2.247430353865196295e+00,-3.313940304151667071e+00
8.989443147976171611e-01,2.445006288303083419e+00,3.599987699923917095e+00,-4.146650101525666265e+00
2.060062415690140369e+00,1.260169103207481101e+00,4.822408913229985217e+00,-4.533387288589751485e+00
1.007305091009852216e+00,2.254036752941880106e+00,4.083439750542904534e+00,-3.032628451005257464e+00
7.205152748190366552e-01,4.660954959578721635e+00,3.205206338912771624e+00,-4.174791985966180619e+00
1.049686557929206732e+00,8.014260194283397976e-01,3.225834734335436327e+00,-2.315183008914815765e+00
1.598573082819498836e+00,3.166818252300810155e+00,6.359926149031321252e+00,-6.872621830546954413e+00
1.922560679528100724e+00,3.942603678588654237e+00,6.182254941058267228e+00,-5.708870307091811647e+00
1.015591111300856886e+00,2.051934851912383451e+00,2.247430353865196295e+00,-2.838547573219074138e+00
2.438160321021614063e-01,-1.713410159999443350e-01,2.305179874780068694e+00,-1.623540760588460419e+00
-2.304177530843922739e-01,9.726118950803703811e-01,7.095531202636002899e-01,-3.729326654399056196e+00
-7.214731269004133196e-01,-3.809510714743642446e-01,-1.527385321284871811e+00,4.942771712698901254e-02
9.174400345238897803e-01,1.518016815970867128e+00,3.343426373912938399e+00,-3.985689074502702045e+00
-1.495305117839511588e-01,-4.982962810223003913e-01,-1.097224628691623183e-01,-7.895218827873100587e-01
-1.251063858047382737e+00,-1.403289697475220033e+00,-2.410316934231127028e+00,2.686616308043197066e+00
-7.331169040662206537e-01,-1.248630263438024413e+00,1.008370914681318009e+00,9.134801146822232321e-01
7.171918023512335871e-01,2.348205396534208234e+00,3.910227175446918224e+00,-1.652701023277230341e+00
-4.712226930179559403e-01,1.044966661931653773e+00,3.049455611282561041e+00,-3.060193384253784732e+00
3.867477610489781226e-01,-4.067659723439935870e-01,2.553169969608283907e+00,4.346986916005417534e-01
2.639829070042498227e+00,6.393734515556771747e+00,1.070182203414162814e+01,-1.124914994926436229e+01
2.508785928291040968e+00,2.760735782128795890e+00,8.734261043568960048e+00,-1.214166325131081869e+01
1.444541465299583383e+00,3.072453521416792288e+00,4.800318394147222278e+00,-4.211239124980253656e+00
4.025472496979637382e-01,-5.429138343461457072e-01,4.953010157710613925e-01,1.696724780435432622e+00
1.948243522594506505e+00,3.413439255928046201e+00,6.130662750435069697e+00,-5.630228747841412584e+00
1.050283803667782623e+00,1.336663711691204792e+00,4.572764177781587946e+00,-4.740026584718134650e+00
2.628926566889471239e+00,5.001526724202578933e+00,7.504621132065650180e+00,-8.536441845628381486e+00
1.781885502333705684e+00,3.385443403657597550e+00,1.009507232817438904e+01,-9.752417632571148687e+00
2.215743200531703039e+00,5.467594692578620297e+00,8.313975250265032813e+00,-7.584608589639881160e+00
1.530583505973648339e-01,1.057060121158532651e+00,2.007830307907886080e+00,-2.910823272391433569e+00
9.396642636319842978e-01,1.162138443661732135e+00,1.595743784694828804e+00,-1.920416331877443650e+00
-9.966001401916269042e-01,1.863412805988280407e-01,-7.843807157013480413e-01,-3.046564557712490906e+00
1.061941309504458530e+00,2.821382961420987101e+00,3.870373556259386838e+00,-5.256558801636041167e+00
3.126385090619793861e+00,3.786641707161913395e+00,3.781126286996914665e+00,-7.675790963954191248e+00
5.929502565388853341e-01,2.887702821658195695e+00,3.245487126602982997e+00,-2.123559600297078909e+00
-3.412189716794808980e-01,-4.982962810223003913e-01,2.166844246126059303e+00,-1.920416331877443650e+00
1.380123525635636117e+00,3.300008202806222979e+00,5.295110081160034454e+00,-7.675790963954191248e+00
1.646203782246052683e+00,3.506366155964226294e+00,5.006479819759259264e+00,-5.098025805243107555e+00
7.155732883063938843e-01,9.877990501259077405e-01,3.598070994821569446e+00,-4.384144961274547114e+00
4.101717293245160656e-01,-6.892668583339045529e-01,4.811578656738367266e-01,-1.631264088368709730e+00
9.169746918359913401e-01,2.571983156020435146e+00,4.314065594916292490e+00,-4.323547212176253929e+00
1.835218116674449451e+00,5.050566561023897449e+00,5.295110081160034454e+00,-6.505357614886943196e+00
1.855890981484076718e+00,4.280590974080167754e+00,7.049810619289686997e+00,-6.380973038831559307e+00
-2.293509448980497467e-01,-2.431111099157257982e+00,1.667081187498548944e+00,-1.269443381783767755e-01
6.335981384544103756e-01,1.008874198117670096e+00,1.302282515471797186e+00,-1.439264079702657462e+00
9.396642636319842978e-01,1.485433378626407563e+00,2.875127016459244178e+00,-1.734379866487599120e+00
2.149592719824070741e+00,3.000020984327946838e+00,6.089533184901977592e+00,-5.680742305373366996e+00
1.427491585272758989e+00,3.166818252300810155e+00,8.402552096874535081e+00,-7.645198324319677496e+00
-1.495305117839511588e-01,4.077828618723328691e-01,1.256215381881889526e+00,-1.738450516987324113e+00
2.306379639538282067e+00,5.245446635471655128e+00,5.704197576085910271e+00,-5.255497142850036774e+00
1.223104906761942612e-01,3.200367059353215193e-02,3.120221690274880277e+00,-2.396858997396912550e+00
-4.456017185385694468e-01,-1.408850010340042314e+00,-6.644756858324828430e-01,1.812665640442749471e+00
-9.274775913553974238e-01,-1.181410647076119202e+00,-9.772267332742462509e-01,2.544956786710997676e+00
1.187473483782198080e+00,-4.346626975301943752e-01,4.362274820578371681e+00,-5.059185090743431701e+00
1.381851952179204090e+00,4.455511178956458984e+00,2.770753980709750763e+00,-7.139536169368088991e+00
1.815306744926767912e+00,2.567772400758759677e+00,5.318242766047218240e+00,-6.033410605422829143e+00
1.229212916428900959e+00,2.323792356674959869e+00,4.538296507888757603e+00,-4.211239124980253656e+00
2.329723400997809613e-01,4.208584014168148535e-02,-1.812771163111044359e+00,7.043394062958070467e-01
7.019648949384353909e-01,4.055584553403769332e-01,4.620165849810737413e+00,-5.376428373751544143e+00
8.676670222157129020e-01,1.178789191326027108e+00,2.345251930342944657e+00,-2.795370819756066716e+00
8.989443147976171611e-01,1.821833475122816237e+00,4.876357594218844405e+00,-4.380002339776563502e+00
-4.456017185385694468e-01,-2.818640108370705999e+00,-1.578837604512027371e+00,1.391002320294489891e-01
1.469403139905715916e+00,3.476007040210592258e+00,5.608906715747956184e+00,-5.582040723689129180e+00
6.579997463148106185e-01,1.880262688068132348e+00,3.769318964755070223e+00,-3.590817235700376475e+00
1.922560679528100724e+00,4.188330367690931588e+00,6.647410315331796937e+00,-5.680742305373366996e+00
1.734078521392898642e+00,3.292162471842590143e+00,4.814708618694043096e+00,-6.164197621373853408e+00
2.047295348042013075e+00,3.488449654979342007e+00,3.527289130427226471e+00,-4.664049910299560509e+00
2.527986736816566271e+00,5.133203841407411261e+00,7.551991199170524638e+00,-7.618107132227421197e+00
1.890180638122656687e+00,3.450681824883406801e+00,8.402552096874535081e+00,-7.139536169368088991e+00
2.232032102153825193e+00,3.761829041981639143e+00,6.647410315331796937e+00,-5.457466890472100651e+00
6.607727329765356039e-02,1.276063565510636932e+00,7.095531202636002899e-01,-3.185109494967293564e+00
2.041128418509940978e+00,5.741807022640548652e+00,6.567875550483836200e+00,-6.140592029240472982e+00
1.225553855546301918e-01,4.328566995209792712e-02,3.389097513571540432e+00,-2.464178850675248444e+00
5.852903607546325881e-01,1.453292219032076282e-01,1.722719476077634315e-01,2.639749026950567456e-01
1.355918182306797837e-01,-3.346895210013749455e-01,7.232447037996891925e-01,-1.482665918296117269e+00
6.711869859757231271e-01,1.821833475122816237e+00,4.691862743641245004e+00,-5.266304135335054148e+00
1.057421013862336334e+00,2.107351379406384506e+00,3.444009120033952875e+00,-3.726578943437262925e+00
3.013805770030951736e-01,1.259547444377856706e+00,2.713918373095292935e+00,-2.399969016116048071e+00
2.364773998930992605e+00,5.417239102109151716e+00,9.713134547397830332e+00,-9.190891413118455588e+00
1.855890981484076718e+00,1.453919000201447265e+00,7.666217925879275086e+00,-8.518186180107832683e+00
8.597488116568310357e-01,1.741653430720546236e+00,2.661629885249808147e+00,-3.513524074651546591e+00
5.522703035723146581e-01,6.178209780199237500e-01,1.348398781618144415e+00,-5.945638101615726701e-01
1.139538315825787240e+00,2.887348272336796029e+00,5.085171682963842699e+00,-4.546684117871277131e+00
-4.273510712417269986e-01,-1.406342133060040522e+00,3.816424852390754019e-02,4.071927200390239587e-01
6.770335198599202187e-01,2.348205396534208234e+00,2.879852712310454699e+00,-2.315183008914815765e+00
-6.332470990133893807e-01,-9.999216595415723052e-01,-1.764790012525956797e+00,1.940050685324565150e+00
1.426312881163388946e+00,1.861930396065553550e+00,6.247471670691247425e+00,-5.909200587635953461e+00
-4.991990972523518977e-02,-3.285953300800096288e-01,-1.527385321284871811e+00,1.933864657267373888e+00
-7.116351170438894869e-01,7.572293116289544046e-02,2.693667483567891985e-01,2.019183729072717148e-01
8.440151845915165874e-01,1.405461869454708523e+00,3.629482516873315578e+00,-3.160592347779803024e+00
1.199034313591554879e-01,3.203250997578458437e-01,1.477203694872627482e+00,-4.380936044520389316e-01
1.556988871033078592e+00,2.100461033449193771e+00,3.620685613090600441e+00,-3.985689074502702045e+00
1.125177820206503032e+00,2.496971144028695466e+00,4.675656816956491824e+00,-5.909200587635953461e+00
2.906827714155452824e+00,7.404538776184972804e+00,1.279272490244481197e+01,-1.355276145947951427e+01
2.723840785426775213e+00,4.251095172696679469e+00,8.247848840309268681e+00,-8.069466739204960604e+00
3.653539221239942014e-01,2.222399656571398263e-01,8.785255135375595881e-01,-2.949743494289291945e-02
2.786396728376909770e-01,-6.747999780864462060e-01,1.189808418378659471e+00,-1.350803809487608476e+00
2.303093909075712098e+00,4.004609568463511238e+00,8.313975250265032813e+00,-8.287339777733272683e+00
8.440151845915165874e-01,1.178789191326027108e+00,2.014860754196920567e+00,-3.244054208684302054e+00
2.527986736816566271e+00,4.196076035908868462e+00,6.800908680142205398e+00,-6.627052919135858033e+00
3.849904283632255009e-02,8.973815776602225291e-01,-1.725649419046781929e-02,1.675617368793242745e+00
2.165761601508125356e+00,4.747703879122048498e+00,7.246343147647380967e+00,-7.589841894016027268e+00
8.664537176619481196e-01,2.307772116942915730e+00,2.879852712310454699e+00,-1.880429978373921784e+00
8.922922173809296753e-01,8.452750993993450868e-01,3.096703217682216458e+00,-3.116055246974856363e+00
1.890180638122656687e+00,2.574182646799866525e+00,7.662927597444147310e+00,-6.911302856694208963e+00
1.693373731309540053e+00,9.049313767319017154e-01,3.620685613090600441e+00,-4.133098448804703118e+00
1.223104906761942612e-01,1.256091911094282754e+00,2.656161935686846221e+00,-2.728951167309278780e+00
1.748335440375751837e+00,3.643542117813438175e+00,4.567530366948030718e+00,-6.816225994964264956e+00
1.407912591743440300e+00,2.496971144028695466e+00,7.394752417698866154e+00,-4.733052042742109222e+00
1.344179562658861959e+00,3.282053202524092494e+00,4.534846198482978430e+00,-5.300892554929964362e+00
7.939168911264459227e-01,2.851324889932678630e+00,2.458974757403353362e+00,-1.588010587480187752e+00
3.682563788289647810e-01,-1.026305722511412721e+00,1.722719476077634315e-01,-5.193239150065562804e-01
-1.405310802673925608e+00,-4.270676075705130970e+00,-2.974341146787759627e+00,3.788631273736697835e+00
3.456525812666432884e+00,6.393734515556771747e+00,1.279272490244481197e+01,-1.268549859890585019e+01
-2.809369604099838380e-01,5.333428216329672011e-02,6.496307571425572469e-01,1.933864657267373888e+00
2.510162999333960254e+00,2.213442702960222164e+00,5.189443833463322164e+00,-5.689293183303873569e+00
1.685329151436147033e+00,1.722439649407433659e+00,5.712016039927354072e+00,-7.192909455532602081e+00
1.865159358201717854e+00,3.409349444406946983e+00,6.205277142401827817e+00,-8.456832089476648662e+00
1.825843590511492698e+00,3.506366155964226294e+00,6.349448153716457099e+00,-4.688812720016056979e+00
1.406669159161384242e+00,1.650871651152334252e+00,4.314065594916292490e+00,-3.668741112651757952e+00
-3.411739434334131182e-01,-1.076846054628672666e+00,-6.887488822614784567e-02,-2.605665814496260779e-01
2.729763607582730289e-01,6.918970630547007783e-01,1.345981858145178123e+00,-1.738450516987324113e+00
1.316069199586074490e+00,2.527473624091498117e+00,3.975773665991577221e+00,-4.323547212176253929e+00
8.153183495932925240e-01,6.836218719858057069e-01,2.311607865611372770e+00,-1.501618190794378416e+00
8.440151845915165874e-01,1.499966519255423680e+00,3.891438753310263898e+00,-3.185109494967293564e+00
-9.637003822644962803e-02,-2.438096736138361642e+00,-8.993791923562227675e-01,5.994562017927395070e-01
9.517410933617872493e-01,2.125998141448303791e+00,4.827510743034154395e+00,-4.833745665239212563e+00
8.720265794918979907e-01,5.363724008887296169e-01,4.048736447731651644e+00,-4.075464125680826832e+00
-1.168396154721855762e+00,-2.446241098994706764e+00,-2.410316934231127028e+00,4.374749672125336275e+00
9.167210278745563379e-02,-1.026305722511412721e+00,2.305179874780068694e+00,-1.784128744305853109e+00
1.805201737333282708e+00,4.413627904872780228e+00,4.799669342818119411e+00,-5.033612089547559343e+00
1.581131307815042408e-02,1.717261142540016605e+00,8.371862217834171727e-01,4.942771712698901254e-02
1.953870604540574929e+00,4.339711267279168005e+00,7.530665788206167832e+00,-8.837358412374591410e+00
4.448478170012420962e-01,1.276063565510636932e+00,1.507067508267318168e+00,-1.284803655362023012e+00
-4.991990972523518977e-02,-5.389264069785472344e+00,-1.055271752239373306e+00,-3.398028556132915989e-01
-4.273510712417269986e-01,-1.566889848831205745e+00,2.693667483567891985e-01,6.942136321878307204e-01
9.251038438321368407e-01,1.451198606008680114e+00,2.258775802353666151e+00,-2.399969016116048071e+00
5.826064050450272536e-01,2.904006132868571122e+00,3.152599680239990487e+00,-1.993167370542389794e+00
3.171664925417819525e+00,3.994203510895287579e+00,3.927232201886446283e+00,-4.182622345986814594e+00
2.883558785261651991e+00,5.647711768281008737e+00,7.571542412865326810e+00,-7.886151705864409500e+00
2.197412347251062048e+00,4.817620818878097566e+00,6.686422813033574997e+00,-6.142163766429035832e+00
1.753661083282472832e+00,3.546368079479814472e+00,5.891681307240530963e+00,-7.683631698725887915e+00
1.685329151436147033e+00,2.294706172189959759e+00,5.063421700759564992e+00,-6.821566937367553152e+00
-3.412189716794808980e-01,1.154513505329837875e+00,1.032086667151935311e+00,-4.689013264456115548e-02
1.448039135779496611e+00,2.784128320818914926e+00,5.006479819759259264e+00,-5.846446481207503432e+00
1.937219766824856970e+00,4.073758870569604618e+00,5.295110081160034454e+00,-6.272350437211160035e+00
1.286753348193670377e+00,2.285198490955812289e+00,8.039281826361003525e+00,-6.081140468002580235e+00
9.186150326404820543e-01,-1.006511450646163208e+00,4.617743747816541955e+00,-4.833745665239212563e+00
-3.844819569317112773e-01,-1.580183086763439215e-01,-2.006743518712791052e-01,-1.269443381783767755e-01
1.156867049010960047e+00,1.847158947413375163e+00,3.205206338912771624e+00,-3.837373514482727455e+00
6.664757630244211306e-01,2.804116364972376374e+00,4.914159986086735543e+00,-3.301792341399141240e+00
1.157324364113691884e+00,2.899604863680055100e+00,5.928567938817103311e+00,-6.303103954967576250e+00
-8.535418470987732320e-02,1.131067475076508178e+00,1.125242733753458735e+00,-1.784128744305853109e+00
-3.866499952309701005e-01,1.487485986759392587e-01,-4.351153195291130871e-01,-4.202600034715806565e-01
1.112485500080618195e+00,2.804922209437817671e+00,7.353929429399956419e+00,-7.645198324319677496e+00
8.738301982880636309e-02,9.514805569049868961e-01,2.837393205411756769e-01,1.381083394192686109e+00
2.950772664357773634e-01,1.256091911094282754e+00,1.892101407826088932e+00,-2.613346560529206997e+00
-9.676260402160403729e-01,-1.353357494435520891e+00,-1.764790012525956797e+00,6.942136321878307204e-01
9.150401714406589671e-01,1.996051096765950383e+00,6.413206908292672814e+00,-4.342327537530203507e+00
1.271110964253699738e+00,2.177674059243722038e+00,5.057622589251638878e+00,-5.599110911277806579e+00
2.148999507649320684e+00,4.702396103782423786e+00,7.281254958158036139e+00,-8.601106506090895110e+00
1.947577772530778573e-01,-1.276641951350185655e+00,-7.843807157013480413e-01,-1.065930295724359711e+00
7.632520097629118538e-01,2.808023902519283244e+00,4.519214848402189233e+00,-5.861885755927791486e+00
6.259155934035616209e-01,1.200146601927807088e+00,2.875127016459244178e+00,-2.720159794746996873e+00
6.738656417264392573e-01,-2.657068683098917639e-02,3.669016608243602651e+00,-3.369049281209145263e+00
1.975807242056742075e+00,4.072230505058167083e+00,9.217227351827171233e+00,-8.426429771233413746e+00
1.025006705163120202e+00,2.389560679214830952e+00,3.801195263170852101e+00,-5.854842245420942781e+00
8.533653929835942620e-01,3.007952913833713549e+00,6.272310015995029353e+00,-4.919186610530442039e+00
1.355918182306797837e-01,8.639854093135812541e-02,1.945885366706749720e+00,-2.016308332894691357e+00
1.865159358201717854e+00,5.251580572237717348e+00,6.302573792193373770e+00,-6.911302856694208963e+00
1.637318461945080905e-02,2.222399656571398263e-01,2.369840647477561291e+00,-2.016308332894691357e+00
6.664757630244211306e-01,1.097036989011171304e+00,3.581518541286239365e+00,-4.075229106648171395e+00
1.259050443577744760e+00,4.263624148919466172e+00,4.552471408300574396e+00,-4.323547212176253929e+00
1.937219766824856970e+00,4.654371134941418298e+00,6.205277142401827817e+00,-7.554547102257048508e+00
4.308694509946492390e-01,1.717261142540016605e+00,4.321534773227642123e-01,1.067652549076676838e+00
1.945339025760439045e+00,3.080186570295682991e+00,6.908870607817290121e+00,-8.536441845628381486e+00
9.571345663789501135e-01,1.233045880640497582e+00,6.247471670691247425e+00,-7.274066103003274719e+00
1.389165890673897952e+00,2.742618274235674392e+00,6.739926869205301152e+00,-6.627052919135858033e+00
6.579997463148106185e-01,2.066187406819339323e+00,2.708702564917278899e+00,-3.334915723594156223e+00
8.922922173809296753e-01,1.997442039113445977e+00,2.233126267932090681e+00,-2.432105216175764362e+00
-8.833662033640206079e-01,-1.403289697475220033e+00,-2.061458377733918823e+00,3.996717149246394207e+00
9.764765614194852450e-01,4.790351819145337031e-01,1.559927302801481508e-01,-1.317014778465762426e+00
2.511897863916177531e+00,5.222327697087735920e+00,9.287900290189686103e+00,-9.503231083207060337e+00
4.058986793122046910e-01,1.513012756726994867e+00,2.466932834869359770e+00,8.754416817500620951e-02
4.101717293245160656e-01,-6.747999780864462060e-01,1.743060490163357290e+00,-1.522411660802257538e+00
2.116319229343794905e+00,3.994203510895287579e+00,7.769786010739551330e+00,-8.037238604904116457e+00
2.784191018281175989e+00,6.487768716388100820e+00,1.359498182506284714e+01,-1.195218454893729998e+01
4.448478170012420962e-01,1.057060121158532651e+00,1.428454760705190951e+00,-2.046194024600969552e+00
1.316069199586074490e+00,2.389560679214830952e+00,3.827934756404744121e+00,-4.688694242208771179e+00
2.757795147567153604e-01,1.327414787000657403e+00,2.088065919855815800e+00,-2.865054084610520135e+00
-7.116351170438894869e-01,-2.493397276601735157e+00,1.667081187498548944e+00,-3.503098302962807109e-01
-5.317741380744525070e-01,-1.583493311902832712e+00,-2.405897871963883272e+00,2.162792990974936824e+00
4.101717293245160656e-01,1.967909900164660719e+00,1.125242733753458735e+00,-7.895218827873100587e-01
1.856018029391192981e+00,5.741807022640548652e+00,9.602470761250803122e+00,-7.618107132227421197e+00
-6.676615939449881409e-02,2.399487051123391446e+00,8.745361699625048280e-02,2.348462365922281414e-01
-8.457408167769104868e-01,-1.642000810414881773e+00,1.817549868976951588e+00,-7.729771618095937491e-01
9.175312873186939333e-01,2.213538278113007074e+00,2.014860754196920567e+00,-3.032628451005257464e+00
5.048457926220657477e-01,2.348205396534208234e+00,2.477201384898406911e+00,-2.959726063013572883e+00
-2.387778903724537827e-01,-1.072374334129691409e+00,-1.324961266095245893e+00,-5.545123602547374908e-01
1.607730886569583850e-01,2.307772116942915730e+00,4.964053196061199991e+00,-5.059185090743431701e+00
2.364773998930992605e+00,4.967912279133058107e+00,6.405828184406628267e+00,-7.772341454837537356e+00
-6.911004949840795497e-01,-1.816549085795665874e+00,-9.772267332742462509e-01,2.395732939457670518e+00
6.607727329765356039e-02,6.918970630547007783e-01,1.194427432771524078e+00,-3.269752150547393210e+00
4.146851750224491706e-01,1.069064041370484608e+00,4.045461567600847630e+00,-3.119146827801182909e+00
-8.756020387776177749e-01,-4.270676075705130970e+00,-9.772267332742462509e-01,3.673682922349404301e+00
9.994895865122120915e-01,2.802357564977735915e+00,4.171914120428934503e+00,-3.416347509038498487e+00
1.444541465299583383e+00,1.332185464314830758e+00,5.491540225652181029e+00,-4.514208599949633971e+00
-6.949950450381121581e-01,-1.390490138915465801e+00,-1.567362582456997000e+00,3.747724782885351047e-01
2.142662741860403841e+00,3.385443403657597550e+00,8.331450798893770937e+00,-8.601106506090895110e+00
1.973360019184256853e+00,2.777898203350394724e+00,8.331450798893770937e+00,-9.150951335767784300e+00
1.988598472226441594e+00,5.572540746491471353e+00,6.992605026902990240e+00,-7.589841894016027268e+00
6.533628955532544413e-01,2.361452263280548358e+00,5.686220290706151204e+00,-3.611047566111609264e+00
-8.050290373017234824e-01,-1.337758277328108480e+00,1.002409554900632882e-01,2.871875800414083191e-01
1.947342270279850407e+00,3.850109145588189286e+00,5.330178698756293798e+00,-5.630228747841412584e+00
1.208889543361511887e+00,1.453744954111752641e+00,2.477201384898406911e+00,-2.123559600297078909e+00
9.608522346589628560e-01,1.352641304784519827e+00,4.719239637346508864e+00,-3.668741112651757952e+00
-4.712226930179559403e-01,8.180592715319117136e-01,3.736436924035034579e+00,-3.313940304151667071e+00
3.171664925417819525e+00,5.102341063989957348e+00,6.781934537774032989e+00,-5.708870307091811647e+00
8.272519641618560904e-01,1.033567188451506080e+00,2.458974757403353362e+00,-2.163567661618742921e+00
1.149909393443215411e+00,-1.006511450646163208e+00,2.014860754196920567e+00,-3.305203339894505099e+00
4.058986793122046910e-01,1.513012756726994867e+00,2.166844246126059303e+00,8.754416817500620951e-02
-1.403871595244636783e-01,5.951361550647460419e-02,2.331368236396524019e+00,-2.331551043674242596e-01
-7.017279273919974081e-02,9.565261951880135172e-01,-1.097224628691623183e-01,-4.380936044520389316e-01
1.114749704047154566e+00,1.650871651152334252e+00,4.051422368217181713e+00,-5.677874354850725780e+00
7.112273680701812761e-01,9.877990501259077405e-01,4.126124224824452291e+00,-4.599793251478340395e+00
-2.787191223400014017e-01,-1.072374334129691409e+00,7.255386236966181457e-01,-1.126414389974932595e+00
1.781885502333705684e+00,3.409349444406946983e+00,6.627130121131585838e+00,-9.015820614071179406e+00
3.849904283632255009e-02,-1.548025964340339566e+00,-1.812771163111044359e+00,-3.398028556132915989e-01
1.910509209783435747e+00,1.198843689692541847e+00,6.567875550483836200e+00,-7.699355966754132474e+00
1.308836723200517582e+00,6.200327601557514612e+00,3.927232201886446283e+00,-7.139536169368088991e+00
-1.812900780837092274e-01,-4.923345748173657555e-02,2.615934271827580204e-01,-2.252894707705774824e-01
1.499338559379978175e+00,2.814794939398146845e+00,5.443115513208319101e+00,-6.081140468002580235e+00
3.956231788639664737e-01,5.151991416429504422e-01,3.026189542830894474e+00,-2.672081080121310848e+00
2.835852757029660332e+00,4.519627570586779441e+00,8.426333780568056042e+00,-8.137402262719994894e+00
9.251038438321368407e-01,1.880262688068132348e+00,3.245487126602982997e+00,-2.075166583473170956e+00
-5.278006030542945481e-01,6.114246617482403945e-01,2.693667483567891985e-01,6.809040521768583432e-01
1.427491585272758989e+00,4.455511178956458984e+00,5.295110081160034454e+00,-7.458415583396784676e+00
-8.457408167769104868e-01,-8.734901216439358018e-01,8.506520068112144450e-01,1.696724780435432622e+00
4.730930989297587042e-01,1.624876130430529253e+00,2.953908253470822309e+00,-2.548913444637571857e+00
2.527986736816566271e+00,5.975129052140240482e+00,9.124802754238931612e+00,-8.803372036397437483e+00
1.279295019403785538e-01,6.918970630547007783e-01,2.656161935686846221e+00,-2.399905581055938431e+00
4.308694509946492390e-01,1.044966661931653773e+00,1.703565858271355093e+00,1.100225107239716671e+00
1.191907240487868780e+00,3.179690482935757956e+00,6.633941334606097584e+00,-6.648432702270625327e+00
2.213250434665769539e+00,3.953843682712935514e+00,7.281254958158036139e+00,-8.518186180107832683e+00
-1.147024981819431133e-01,1.159506739678844323e+00,-1.087897813087843613e-01,-1.851873500606798784e-01
1.228848262811662373e+00,4.486027902874983653e+00,4.254922223862242170e+00,-5.377085561634007860e+00
1.043398239068103805e+00,2.821382961420987101e+00,2.805050380038894176e+00,-5.731888499483480004e+00
1.979296070621298309e+00,3.814968645290284677e+00,6.567875550483836200e+00,-7.051794999894623217e+00
3.334469791605249256e+00,4.785896219247951500e+00,8.247848840309268681e+00,-6.090240340282945475e+00
1.973360019184256853e+00,5.509375881188757873e+00,5.891681307240530963e+00,-6.648432702270625327e+00
1.380615354734044065e+00,9.049313767319017154e-01,3.870373556259386838e+00,-5.359430994764059264e+00
7.535347909894951623e-01,9.195925216754123888e-01,4.350844448396815167e+00,-3.581265212306519174e+00
-1.251063858047382737e+00,9.591624839516186274e-01,-6.644756858324828430e-01,2.217385387969595278e+00
1.661203779533790392e+00,3.413439255928046201e+00,3.927232201886446283e+00,-7.398621583020191572e+00
1.669084786441759949e+00,3.570267444488684383e+00,6.290688574065070426e+00,-6.153861395498517517e+00
1.841316947412293459e+00,2.777898203350394724e+00,8.381230343017158191e+00,-8.287339777733272683e+00
3.646624118502234113e-01,5.304029971096979601e-01,1.507067508267318168e+00,-1.188929607504171093e+00
-1.580041108366005087e+00,-2.365356326702463541e+00,-9.774239856463040610e-01,4.735462662183524074e+00
-5.500059551047247197e-01,1.422724006955278231e+00,1.744233207497069227e+00,-8.883507144013684798e-01
1.646203782246052683e+00,2.814794939398146845e+00,4.852256411836902039e+00,-6.005707139169508935e+00
1.815306744926767912e+00,3.300008202806222979e+00,5.506611130070502291e+00,-5.205851098506220076e+00
3.126385090619793861e+00,5.549580638276998990e+00,8.248230786702416495e+00,-6.400205100238339995e+00
-6.332470990133893807e-01,-1.299905965740603131e+00,-1.121940720024190208e+00,3.944891128075456166e+00
-2.587343434949538334e-01,1.830130974635072738e-01,-1.755165137754266524e+00,-9.731580062342426451e-01
6.749736883968833201e-01,9.877990501259077405e-01,5.686220290706151204e+00,-4.174070329482093555e+00
6.973687541929918243e-01,1.178789191326027108e+00,2.655395109843774915e+00,-3.521497506837974356e+00
1.242594984813186976e+00,2.944635195145126172e+00,5.917526973935180123e+00,-5.468774956543549060e+00
8.788747069492097719e-01,6.187680304355873684e-01,5.810185780134668576e+00,-4.323547212176253929e+00
1.659126335577270517e+00,3.914739657661948868e+00,5.666836337995465378e+00,-6.872874300705623440e+00
3.230865467763647247e-01,2.040257837837001098e+00,2.553169969608283907e+00,1.199820553728440986e+00
2.832503617136858942e+00,3.786641707161913395e+00,8.609324823635484236e+00,-8.425150321326515979e+00
-2.542727530144874848e-01,-6.850709145953282064e-02,8.371862217834171727e-01,-1.188929607504171093e+00
1.106409893664431987e+00,2.904006132868571122e+00,2.311607865611372770e+00,-3.378045932454569744e-01
-7.017279273919974081e-02,1.909978519962641785e-01,-1.725649419046781929e-02,8.329644388825970802e-01
7.205152748190366552e-01,2.763721339165660318e+00,2.486635880577570568e+00,-3.416347509038498487e+00
1.353476758238210120e-01,8.639854093135812541e-02,1.345981858145178123e+00,-2.002765220242611388e+00
1.171188957124235763e+00,1.332185464314830758e+00,5.892542461667628295e+00,-5.377085561634007860e+00
-9.637003822644962803e-02,7.572293116289544046e-02,3.297863181268204658e-01,2.162792990974936824e+00
4.579711661573147019e-01,9.046425946657065120e-01,2.702136944236049221e+00,4.071927200390239587e-01
2.142662741860403841e+00,3.908818890298371151e+00,6.611793184906033183e+00,-9.117356238001617541e+00
2.490850376585359349e+00,4.059179417926997324e+00,6.781934537774032989e+00,-8.261211661876979306e+00
-1.147024981819431133e-01,-1.674861627423175348e+00,-2.135989887176626967e-01,-5.317866370983787005e-01
2.060840637631569550e+00,3.622781389117963879e+00,6.781934537774032989e+00,-8.547920424687346141e+00
-9.274775913553974238e-01,-1.707702411078407811e+00,-1.578837604512027371e+00,-2.252894707705774824e-01
6.887097953680391127e-01,-6.573477134091061380e-01,1.032086667151935311e+00,1.931281660872246952e+00
-9.966001401916269042e-01,-1.642000810414881773e+00,1.951064120272320457e+00,-1.401787116457101856e+00
1.316069199586074490e+00,2.687698175007843027e+00,6.272310015995029353e+00,-4.536840533745180259e+00
7.364957569055319286e-01,-7.422841141485432281e-01,2.879852712310454699e+00,-3.430119770213337471e+00
6.561665463068545590e-01,2.887702821658195695e+00,2.514464619777331489e+00,-2.418942338726106200e+00
1.389165890673897952e+00,2.814794939398146845e+00,5.330178698756293798e+00,-7.260679372923104502e+00
7.162472113751201519e-01,1.880262688068132348e+00,4.048736447731651644e+00,-3.277183821185023493e+00
9.726103497900788764e-01,-6.892668583339045529e-01,1.330489053311831427e+00,4.942771712698901254e-02
-1.490092642390237199e-01,-2.431111099157257982e+00,-8.993791923562227675e-01,1.014970312330746527e+00
1.205310781797719333e-01,8.973815776602225291e-01,9.723305637085815079e-01,2.686616308043197066e+00
4.754652239575899442e-01,2.067219325456478352e+00,3.026189542830894474e+00,-1.993167370542389794e+00
-5.500059551047247197e-01,1.092219852577830608e+00,-1.236197993128579642e-01,-1.566088770698252919e-01
1.724326530714501260e+00,4.055089830596856793e+00,5.318242766047218240e+00,-5.457466890472100651e+00
-3.522778004109103911e-01,3.022368332041010852e+00,1.230433336680226031e+00,-4.202600034715806565e-01
1.953870604540574929e+00,5.473399669026965064e+00,9.217227351827171233e+00,-8.489714146396233119e+00
2.215743200531703039e+00,4.967912279133058107e+00,7.551991199170524638e+00,-9.155428628293012849e+00
2.611339737565920860e+00,3.908818890298371151e+00,9.334989705209041588e+00,-8.061022314697311231e+00
1.738092929759423644e+00,3.643542117813438175e+00,3.927232201886446283e+00,-6.872874300705623440e+00
-2.510897277483961076e-01,-4.806909315813983063e-01,2.258780051279178913e+00,-3.627897525109190724e+00
-2.911872176578136351e-01,6.246133461495069206e-01,-7.843807157013480413e-01,-1.502010501050301761e+00
8.801385000000832015e-01,5.151991416429504422e-01,2.776263611185768809e+00,-6.870858480058195106e-01
8.996508181684348404e-01,5.616102144436305288e+00,4.814708618694043096e+00,-6.898804973699691701e+00
1.007305091009852216e+00,1.352641304784519827e+00,4.144158891826953628e+00,-3.507041807241762843e+00
-8.756020387776177749e-01,-2.104041269145428661e+00,-9.774239856463040610e-01,2.299185784911791153e+00
1.907677278147344335e+00,4.441234594438872030e+00,6.105564990728383989e+00,-6.147901562997005520e+00
1.464963306389978293e+00,2.547592337337565738e+00,6.878799481487725132e+00,-5.182816623698901282e+00
5.011230053170590004e-01,1.465153171656763176e+00,3.171636360243284436e+00,-3.019650906874866703e+00
3.013805770030951736e-01,6.353959281317063112e-01,3.026189542830894474e+00,-3.119146827801182909e+00
-4.135243129483208158e-01,1.487485986759392587e-01,1.032086667151935311e+00,-5.317866370983787005e-01
9.175312873186939333e-01,2.804039855130895376e-01,2.708702564917278899e+00,-3.592251811983573795e+00
1.391984073709110259e+00,5.283052141716085615e+00,6.483563073446335423e+00,-7.365208985536591868e+00
2.237435864508702243e-01,-4.806909315813983063e-01,2.415477233588323447e+00,-1.575332594821589938e+00
2.420023818400194759e+00,4.253980535417298370e+00,9.020466213720592208e+00,-6.816151298284414572e+00
1.578274490971995903e+00,3.282053202524092494e+00,4.505307339036493275e+00,-4.140644704483257499e+00
1.462365720950406622e+00,2.596648964967492645e+00,4.600551441662400265e+00,-6.140592029240472982e+00
-1.580041108366005087e+00,-1.410802857343943728e+00,6.538756556915188423e-01,6.809040521768583432e-01
1.838434494483378145e+00,3.602963121715029970e+00,7.353929429399956419e+00,-6.182217015578698849e+00
-4.310230266139334354e-01,-1.330063984520499787e-01,4.548676824979286382e-01,4.735462662183524074e+00
1.286753348193670377e+00,3.676112761809216867e+00,4.384562712939261253e+00,-6.163514018219504287e+00
2.800860107827981560e-01,1.130219266680926538e+00,7.232447037996891925e-01,-5.193239150065562804e-01
1.778450296091608429e+00,3.137076113608898265e+00,5.453124074572479607e+00,-6.140592029240472982e+00
2.498143439398980981e-01,2.130282986578522220e+00,3.205206338912771624e+00,-5.532300735595491403e+00
2.372921364598942873e+00,4.592792029939582577e+00,1.152741882695477216e+01,-1.357774230848351493e+01
2.639829070042498227e+00,6.393734515556771747e+00,1.001814052889734619e+01,-1.195218454893729998e+01
1.182745521320773374e+00,9.049313767319017154e-01,4.270356599110757045e+00,-5.861885755927791486e+00
7.657749570356147117e-01,2.918024783331794048e-01,3.306676001068356907e+00,-4.951393096404921756e+00
2.060840637631569550e+00,4.586128161752871080e+00,6.717151372512985219e+00,-8.478103212527654975e+00
9.464445093827782429e-01,1.456610791873401478e+00,3.205206338912771624e+00,-4.664049910299560509e+00
3.849904283632255009e-02,-1.386594293978602899e+00,-8.993791923562227675e-01,1.381083394192686109e+00
3.013805770030951736e-01,1.259547444377856706e+00,1.549350642403827472e+00,-2.857470011686442213e+00
1.927225841506451820e+00,5.050566561023897449e+00,5.295110081160034454e+00,-6.090240340282945475e+00
1.125177820206503032e+00,2.681558904517717945e+00,6.711700079585279255e+00,-5.756410804257711789e+00
1.444541465299583383e+00,2.627153052853667958e+00,4.270356599110757045e+00,-4.665028076178274752e+00
3.530195547812674528e-01,1.609073320252009553e+00,3.337441366299212397e+00,-2.982618549894607618e+00
2.628926566889471239e+00,4.251095172696679469e+00,9.069494601108319287e+00,-8.703737753164725532e+00
1.316069199586074490e+00,2.389560679214830952e+00,5.185585074342698775e+00,-4.456262864608370400e+00
-1.251063858047382737e+00,7.937766889568376172e-03,9.513142305037114443e-01,4.346986916005417534e-01
1.316069199586074490e+00,2.349996955830516043e+00,5.491540225652181029e+00,-4.125328020517028627e+00
1.531922701847087787e+00,1.650871651152334252e+00,4.827510743034154395e+00,-3.925037797876016032e+00
9.920715531983842483e-01,2.804039855130895376e-01,2.014860754196920567e+00,-3.116055246974856363e+00
1.279295019403785538e-01,9.091335774156281690e-01,1.125242733753458735e+00,-1.575332594821589938e+00
1.043905389533125172e+00,2.669027155062004386e+00,4.800318394147222278e+00,-5.468774956543549060e+00
1.444541465299583383e+00,2.627153052853667958e+00,4.675656816956491824e+00,-5.106838276698801415e+00
1.104260154525066984e+00,1.650871651152334252e+00,4.436589717887629902e+00,-5.441290098873520442e+00
1.487451511329393350e+00,9.511329845264790417e-02,4.547285116321644338e+00,-6.256104842815016553e+00
6.917401481488923976e-01,1.209115366812177461e+00,4.467476982892762294e+00,-5.231415162765118865e+00
1.395775789632458741e+00,2.611254370059123975e+00,5.990619848579004092e+00,-8.358921947581837486e+00
-1.924745804839098628e+00,-1.353357494435520891e+00,-5.214804470581841045e+00,6.361826971058526681e+00
-1.823652666893054164e-01,9.565261951880135172e-01,1.230433336680226031e+00,-5.968927590102193204e-01
9.994895865122120915e-01,2.571983156020435146e+00,2.930276305385641322e+00,-4.270758437198898250e+00
6.718111090274754282e-01,2.439989699285060709e+00,2.014860754196920567e+00,-2.950320929370942036e+00
1.146324260526181193e+00,1.336663711691204792e+00,4.467476982892762294e+00,-4.174791985966180619e+00
-3.611966905816101914e-01,2.101070464884030597e-01,-1.242456095997796772e-01,-3.398028556132915989e-01
7.844873855217346925e-01,5.582837839070562413e-01,5.006933521662454645e+00,-5.818111623403154908e+00
6.579997463148106185e-01,2.307772116942915730e+00,2.176046269592192939e+00,-3.041791066646565067e+00
1.636033339759269678e-01,-4.769457235102969594e-02,1.391413600148564855e+00,-2.306169888235171328e+00
1.319556417241666058e+00,6.187680304355873684e-01,3.364936692630791981e+00,-3.140749758385141810e+00
7.904986910848776915e-02,1.044966661931653773e+00,1.273455831615612821e+00,-8.384494387285257311e-01
2.511897863916177531e+00,3.632641805909366806e+00,8.833308258079405562e+00,-1.124914994926436229e+01
9.396642636319842978e-01,1.451198606008680114e+00,1.939842422364934205e+00,-1.652701023277230341e+00
1.426312881163388946e+00,2.285198490955812289e+00,4.906899363199635822e+00,-5.300892554929964362e+00
-9.274775913553974238e-01,9.591624839516186274e-01,6.538756556915188423e-01,2.510725190939334439e+00
6.533628955532544413e-01,1.333981666983241610e-01,3.669016608243602651e+00,-3.500270623984713225e+00
1.279700599084620416e+00,2.125998141448303791e+00,4.751483424069092187e+00,-2.900025023814566172e+00
-1.631158019288803107e-01,1.154513505329837875e+00,2.693667483567891985e-01,1.100225107239716671e+00
1.856018029391192981e+00,4.817620818878097566e+00,6.017376639644311354e+00,-6.897320232548244334e+00
1.792743355011102935e+00,3.935802075253218568e+00,5.213696929854157780e+00,-4.174070329482093555e+00
2.041128418509940978e+00,3.106677720788808106e+00,6.105564990728383989e+00,-6.205750821520997107e+00
7.855819107998172068e-01,2.450439007392026358e+00,3.666435537917803522e+00,-3.611047566111609264e+00
2.729763607582730289e-01,-1.276641951350185655e+00,1.368107587516540491e+00,-1.482665918296117269e+00
-2.293509448980497467e-01,-7.155607559387737737e-01,-1.578837604512027371e+00,1.675617368793242745e+00
2.832503617136858942e+00,5.685869500766123963e+00,1.279272490244481197e+01,-9.302139207678903787e+00
8.431576496939668930e-01,5.283052141716085615e+00,8.816999897845418488e+00,-9.084455629168498803e+00
4.236484016937946961e-01,1.327414787000657403e+00,3.389097513571540432e+00,-1.734379866487599120e+00
1.726074766095612167e+00,2.796615045219796869e+00,5.512403042943642362e+00,-4.246853316681842294e+00
1.841316947412293459e+00,4.339711267279168005e+00,9.602470761250803122e+00,-8.518186180107832683e+00
1.838434494483378145e+00,1.610500928535515186e+00,8.839271635807749661e+00,-6.897320232548244334e+00
8.431576496939668930e-01,7.691113838398323743e+00,8.595189902965238105e+00,-8.812138192188760044e+00
8.896567141909209608e-01,2.066187406819339323e+00,2.345251930342944657e+00,-2.432105216175764362e+00
2.973870169221792814e-03,-1.242829983667034455e+00,-1.087897813087843613e-01,-8.883507144013684798e-01
-8.457408167769104868e-01,1.176708066586236168e-01,-7.694592341158268400e-01,-3.398028556132915989e-01
3.998147440342152414e-01,1.185120397754701793e+00,2.774273394545342608e+00,-3.729326654399056196e+00
-6.555871242792010722e-01,-8.734901216439358018e-01,-1.935758198556604581e+00,3.267358464463973711e+00
1.395775789632458741e+00,3.761829041981639143e+00,7.898171442359266159e+00,-9.015820614071179406e+00
1.171839027020050272e+00,2.944635195145126172e+00,4.547285116321644338e+00,-6.140592029240472982e+00
