-4.364089536673896319e-01,2.855665871474186268e+00,5.581435611864734581e-01,1.266809154345400401e+01
1.546205121773967850e+00,1.089154746136161922e+00,-3.833674368564564672e-01,1.152890735936591327e+01
1.184149576283855643e+00,1.874517392904832436e+00,-3.357451956564073137e-01,1.513857272238911911e+01
6.889848126631736847e-01,-1.860674514175106431e+00,-9.707759551373205120e-01,-2.372655403570590682e+00
1.027477829531942666e+00,-1.758870535008641767e+00,-1.628458817201302811e+00,-2.392708820828400462e+01
3.236501790398293998e-02,2.859216336211784171e+00,1.845599858684976224e+00,1.991505273844591883e+01
-4.490171926306179007e-01,2.534213473082883361e+00,-4.672215030507207434e-01,-4.204291504778744581e+00
1.580408809163832196e+00,1.354319920732171889e+00,-4.863333392000457334e-01,7.892666078896112936e+00
1.291742278687610934e-01,-1.225455300493760280e+00,-4.630367910476279603e-02,-7.226900473298137229e+00
1.502124391838945749e+00,-2.459697720057545389e+00,-1.628458817201302811e+00,-6.390096181917041207e+00
-8.715073623538205361e-02,-4.116628088097527893e+00,-2.028864220585911760e+00,-2.004092057950216343e+01
2.137230447194355953e+00,1.879405705791526771e+00,-3.412657372767350372e-01,9.803036297264007715e+00
2.647016291733226279e-01,1.843392798224330331e+00,5.506520345281691597e-02,8.028490409840262743e+00
1.099498116575867934e+00,6.573967871437092825e+00,1.859875661447137674e+00,3.213577169510289622e+01
-6.207368714768657370e-02,-1.541894261156793178e+00,-1.145698783303837898e+00,-6.100151993159240504e+00
6.247392830133995378e-01,2.449533519132531367e+00,2.798705731696592425e-01,9.717224704036814487e+00
-2.581836139487945214e-01,6.715223570888190885e+00,2.305042368514547135e+00,3.248707025883630450e+01
1.788230147059380659e+00,4.243654275047477498e+00,-1.045746483113036085e+00,-2.826420963696592459e+00
7.357153237508291532e-01,3.744864459524348099e+00,-4.669152227566873425e-01,1.116244751505479016e+01
1.741396076916706281e+00,7.603765056120395549e+00,9.166243130325210098e-01,2.660148252148312409e+01
4.359407546188008853e-01,3.577919412472213345e+00,8.131793095548592865e-01,2.982249006786736700e+01
1.947254919189907563e+00,3.135773870678932873e+00,-9.466027304531979825e-01,1.564357049325896476e+01
1.062413846296912379e+00,3.487176017101962788e+00,6.201189513469659333e-03,8.903878662210415129e+00
1.377227623981410964e+00,1.661477934532828105e+00,-2.354997178610099273e-01,1.064445155608903804e+01
-6.125069780887963944e-01,-4.511567674357825020e+00,-1.257239035400164573e+00,-2.032994045947299711e+01
-5.279471472121044506e-02,-1.162349998547660856e+00,-7.876521771362661184e-01,-4.693528780202838036e+00
1.082670529415367566e+00,2.510721817068517492e+00,3.577985133182561284e-01,1.313966960555500840e+01
7.529968142538310261e-01,-7.667662283268095180e-01,-3.624302552345620709e-01,-1.116293277768497738e+01
7.785091792857653514e-01,6.236438598220932050e+00,1.885719270487949739e+00,3.207691694407730409e+01
2.275463943795830168e+00,7.794225457681056568e+00,4.238640403906829279e-01,4.628193017040392476e+01
1.252897288397365250e+00,4.127328344131512949e+00,6.321112963160033793e-01,2.301288424679124134e+01
-9.946126372021280027e-02,3.138938147364516595e+00,1.178390464677494309e+00,1.389892471474992597e+01
-6.615879746526065475e-02,-1.100149491131684476e-01,-1.434264632146038110e-01,7.455790691771385426e+00
-6.535033538065031511e-01,-6.321513987677955804e+00,-1.679135379605982914e+00,-2.004092057950216343e+01
-8.299507719308949483e-01,-1.347515627590545995e+00,-1.179191120446717367e+00,-2.955849606762873449e+01
1.439605828461502535e+00,6.615893608466945963e+00,9.723712430233291126e-01,3.054532624595010759e+01
3.240939754552247809e-01,-1.580227587512502030e+00,-6.268677580935726468e-01,-7.397528548365482237e+00
1.224894379774144504e+00,-1.666611915306188241e+00,-5.580595041866681649e-01,-8.189739551832753151e+00
1.672472376061462818e+00,9.220708034564314426e-01,1.594826696896528784e+00,3.873814701354316270e+01
8.362551396411794791e-01,6.535030775143007009e-01,-6.701932169752889967e-01,1.909341710500449096e+00
5.519030872519112840e-01,7.634432332344315064e+00,2.100109582410935261e+00,3.171112556015615525e+01
1.784695940358280719e+00,8.467054917415367754e+00,7.826992979743071510e-01,3.265621664077733755e+01
1.633267713091935081e+00,5.883564082027286979e+00,1.179922361736621239e+00,2.762973257266123639e+01
-8.715073623538205361e-02,-4.565139201356683607e+00,-1.925567666088196406e+00,-2.305810225734721541e+01
1.784884491409684859e+00,5.223848625721461580e+00,-1.039312171592877976e-01,2.206934192996814303e+01
6.480918706806871876e-01,1.297851744929402917e+00,7.188681688577437390e-01,2.264756679926943050e+01
2.375261600001477014e+00,-4.456803686417977417e+00,-1.397650429503047853e+00,-1.983143334418041448e+01
-7.992462607396864094e-01,-3.826688821092493420e+00,-1.938447797298000097e+00,-2.730374402288441615e+01
2.003883496522210983e+00,-3.319160878163603279e+00,-1.540355609410534399e+00,-7.152994917646424700e-01
1.096572623203376784e+00,2.922189464527940483e+00,5.506520345281691597e-02,2.215252537608743566e+01
8.299839089004386050e-01,6.826476338108792952e+00,1.323082329091115339e+00,3.375400431903291576e+01
2.159442858245126384e-01,9.049200431863960725e-01,3.099071201862686475e-01,-4.828744662068755744e+00
6.752012189866576364e-01,1.900433143465704688e+00,1.011777914810434220e+00,3.542166926523726289e+01
2.067394136727823017e+00,4.119954455260831594e+00,1.148389532596383544e+00,2.559257404745669717e+01
4.842856121190115548e-01,1.480906007281691972e+00,-8.174651478639481939e-01,-1.377775343393515861e+01
3.273264319959240387e-01,-4.237765917012491279e+00,-1.537788122466524410e+00,-2.012759174739081658e+01
6.258642634921391945e-01,2.608623281493587687e+00,6.789386068178235867e-01,4.031674651641530716e+00
-9.329712285791769144e-01,1.289610632572020910e+00,2.105653595401075773e-01,3.228287011806660889e+00
1.184098507235419317e+00,2.102727264399887552e+00,4.784959608803778242e-01,1.020166220016333014e+01
1.022362693381536181e+00,-8.997206595079665359e-02,-4.669152227566873425e-01,1.165459621873359275e+01
1.835799945346709539e+00,2.859216336211784171e+00,3.480400443359857876e-01,2.445562459728353488e+01
-1.492006869391275803e-01,-1.943763175046367975e+00,-3.106282685399135990e-01,-1.116293277768497738e+01
-6.615879746526065475e-02,4.421528943501481734e+00,1.387075204171017262e+00,1.533487636404612076e+01
-2.955634143782650547e-01,9.040674145881908430e-01,1.304665734664548493e+00,2.372165673484029735e+00
7.346516128844240434e-01,3.433434362034547327e+00,1.109069398375384319e+00,2.456910097987853092e+01
2.647016291733226279e-01,3.527837174657234343e+00,9.915391238601366508e-01,1.820902800439271729e+01
1.402923592120339347e+00,4.349711775494739641e+00,7.738464909504947364e-01,2.428825881794642783e+01
-1.354163601527151872e-01,1.790862891879029473e+00,2.316414396600076364e-02,1.234334724154988683e+00
2.653581120443368135e+00,1.202483263094985766e+00,-3.867721406116836347e-01,5.578864712298018169e+00
2.718727270064730250e-01,1.502643930342834722e+00,-8.060070166076430676e-01,-2.718195746621439213e+01
3.772721993916984262e-01,-7.345371243931042571e-01,-1.424539437961691357e+00,-2.265484960247011959e+00
-8.571799554060812731e-01,-1.943763175046367975e+00,-1.740601969358708534e-01,-1.027118731300100052e+01
-3.919604401578173913e-01,2.901643693703110038e+00,1.011777914810434220e+00,1.048298358356450599e+01
2.135541475158950320e+00,2.449533519132531367e+00,-3.125315007399469547e-01,9.571359375671690373e+00
2.588319323353046819e+00,5.143351807438738099e+00,-9.972615323712177293e-01,1.820902800439271729e+01
2.076924712979693943e+00,8.305070082622560079e+00,2.765128108070891710e-01,4.725833377569306748e+01
7.396954098046432113e-01,6.601952909682780479e+00,1.143814272465669246e+00,3.283651260815865669e+01
2.097304489077081779e+00,1.896490694314254322e+00,-7.913978140417108342e-01,1.513857272238911911e+01
1.424393308575620409e+00,4.263861284309102828e+00,5.546640207921377241e-01,1.994142690657452022e+01
1.051061255977031816e+00,3.852486651668638906e+00,1.162303642721661756e+00,1.409037168301281717e+01
-9.329712285791769144e-01,6.014958749105785429e-01,-6.717609189767983491e-01,4.874876220586195963e+00
2.182825295834158741e+00,3.127268812052422575e+00,-1.890781971632640376e-02,2.220427755030235417e+01
-5.279471472121044506e-02,2.493070103904257095e+00,7.454847598055858171e-01,2.434688719195561291e+00
4.972727268551925262e-01,1.896490694314254322e+00,1.440979839396487328e-01,1.349536502620236611e+01
2.000691744000077321e+00,4.482393756103416393e+00,1.552556609338765048e+00,4.628193017040392476e+01
-3.689212292507295654e-01,3.425196946749490490e+00,1.343880359865053720e+00,2.162757892152134787e+01
-1.354163601527151872e-01,-7.283599366012031284e-01,2.893847019903448836e-01,1.131895870952320848e+01
5.512070719669197594e-01,2.942217213412634980e+00,-9.972615323712177293e-01,-1.275828962586170068e+00
1.962830375848614306e+00,1.725417329393301058e+00,-3.125315007399469547e-01,1.297669579102863580e+01
-1.026861476786025129e-01,1.616220007755873711e+00,3.099071201862686475e-01,8.834206920618258962e+00
5.638466155929811041e-01,-3.431007424110303017e+00,-5.835723050717834814e-01,-1.941792132340406374e+00
1.291742278687610934e-01,1.751459363505536437e+00,-1.989479238178164244e-01,-1.417860570216101124e+00
7.954533433338678572e-01,5.441313806054000501e+00,1.354057213906666668e+00,2.457275361150119153e+01
7.845738086198104089e-01,1.071442788043955430e+00,-8.728314747547784302e-02,5.102101047519988164e+00
-1.401132550174581493e+00,-3.359746796857834727e+00,9.627940745774458964e-02,-1.850199865964977164e+01
-7.992462607396864094e-01,2.417189216923065209e-01,1.935239874160703255e-01,1.122911689296625992e+00
6.342911144844058935e-01,6.826476338108792952e+00,1.309676220821522463e+00,3.612215120151210357e+01
4.359407546188008853e-01,-1.010934110002049691e+00,-1.171584585854454241e+00,-9.726835158152619343e+00
-7.992462607396864094e-01,-2.852260352246907882e+00,-4.816705519319502415e-01,-1.371490562500534161e+01
2.616950995891451637e-01,2.160887447749265888e+00,2.745523130195900441e-01,1.458086306144878108e+01
2.455389849781602685e+00,2.290417365292237939e+00,-1.704178131930872642e+00,-1.941792132340406374e+00
-8.942840484842404791e-01,5.897649036370046005e+00,1.587288413941336573e+00,7.226039795351113071e+00
-2.152885306424456857e-02,-3.438873986112637393e+00,-4.315961701666560235e-01,-1.329801787910947475e+01
2.076924712979693943e+00,7.516742516803542884e+00,1.859875661447137674e+00,3.404696852398745932e+01
-1.163982128434564611e+00,-4.032074253278882914e+00,-1.020203631117243770e+00,-1.967479215803885140e+01
2.135541475158950320e+00,2.160887447749265888e+00,-1.398420538735700436e-01,1.186931888701933424e+01
1.161257752562804502e+00,6.253422895675424087e+00,6.532064829528837491e-01,3.081859854359684903e+01
6.925534196818499133e-01,7.219189115477309571e+00,1.663072149699902358e+00,3.107299945514922968e+01
-5.455393514459261350e-01,1.443631294619107663e-02,-9.492207887381291787e-02,-6.567210736158056505e+00
5.161227329318359702e-01,8.455447805779374715e-01,-1.171584585854454241e+00,-1.151735037900849079e+01
-4.630291459740549787e-01,-3.431562389995412854e+00,-1.135390972628782968e+00,-2.012759174739081658e+01
1.504041043685990342e+00,2.810829943142613363e+00,-1.403499031014935339e-01,1.542441562190495929e+01
7.346516128844240434e-01,2.651157965943021999e+00,1.148389532596383544e+00,1.396884368044905322e+01
1.580408809163832196e+00,6.213028618183473739e+00,1.852852923447228184e+00,2.518930939004285463e+01
6.861516584820395170e-01,6.868780261524862762e-01,-6.198176210615006232e-01,4.203991998763188853e+00
-3.562795313940874120e-01,1.127831979307800214e+00,-8.691887473246967533e-01,9.886205017606625178e-01
2.726874131777097254e+00,8.617809182699406989e+00,1.380016907959005668e+00,4.065104553004453436e+01
1.467300231239883068e+00,4.104693479680253887e+00,7.738464909504947364e-01,2.041211787857851689e+01
1.219194119365017537e+00,-5.351445607138427540e-01,-8.083919155896002184e-01,9.380799047887643738e+00
-2.738767149859107075e-01,1.980917227341034259e+00,1.076629291258283549e+00,3.083303895195109234e+01
2.762824777111632102e+00,6.236438598220932050e+00,-1.638228645154030105e-02,4.122363627736939407e+01
1.802319900509862904e+00,2.352497728565551505e+00,-3.125315007399469547e-01,1.089337845656091197e+01
2.915702209395323763e+00,-6.435234636883396808e-02,2.424687947419103540e-01,-7.330619794657068367e-01
1.414288010755848646e-02,-1.652195045984953037e+00,-1.696556559122282815e-01,-1.298864599060639335e+01
1.402923592120339347e+00,3.530278629249082645e+00,-1.041917465696638179e-01,1.114236589288413803e+01
6.889956818222817692e-01,6.319546334334756210e+00,1.505107736520405082e+00,3.059208931469235893e+01
5.161227329318359702e-01,1.721525116631959396e+00,-8.975016218583278249e-01,1.398046620327946243e+01
1.157376279042930056e+00,-3.363553855027824557e+00,-8.742820602049053980e-01,-1.688829503652984343e+01
6.926313376427564172e-01,-3.137413792466645646e+00,-1.430653738147062759e+00,-1.371490562500534161e+01
-3.471213800564030283e-01,-2.126922276645640153e+00,-1.145698783303837898e+00,-1.149755436073176007e+01
1.440655257805307343e+00,1.698923977214566117e+00,-1.486268982163250429e+00,7.559329633888979494e+00
9.989945605664437567e-01,3.852486651668638906e+00,7.895559306363596486e-01,1.737619841600648485e+01
2.915702209395323763e+00,7.794225457681056568e+00,2.157819680409494012e+00,4.610839088772896588e+01
1.013562674887831916e+00,-4.807689138730895095e-01,-1.645605871708202717e+00,2.877594982900954168e+00
3.127699191730477501e-01,4.207169175695791630e+00,7.178593486422343295e-01,2.203526524266812814e+01
6.605269673060583102e-01,2.605796282159728250e+00,-1.004676104924218383e-01,9.809412067371901855e+00
2.064464768537569661e+00,-2.955068276599735810e+00,-1.895154209146750368e+00,-1.287677775506888622e+01
1.121482104486621667e+00,7.094370381514484292e-01,-7.913978140417108342e-01,-2.354029545409200619e+00
-2.673958287850755067e-01,-4.451878787347541611e+00,-1.103235356846697268e+00,-6.465487067234573892e+00
1.095343868103654916e+00,2.352497728565551505e+00,3.505724830310775336e-02,1.083691598870729145e+01
2.375261600001477014e+00,1.285427046963800723e+00,7.874964483410615834e-01,6.627184040002544130e+00
-4.812381676126216146e-01,-5.211362040987891575e+00,-9.994984426502780961e-01,-1.916001455418219024e+01
1.157376279042930056e+00,-1.334825136007053104e+00,2.812313221410471797e-01,-4.397175877090552021e+00
-3.429146549054826743e-01,-1.168219993014196767e-01,-2.235984397632210241e-01,-3.641287515506130279e-01
2.625950221930470896e+00,3.183593917629781167e+00,-1.209840992152866335e+00,6.591707610650882287e+00
2.909406604314242362e+00,6.715223570888190885e+00,9.844195012166082615e-01,3.258722462467503078e+01
1.541678749044836483e+00,2.808249095524652628e+00,-1.041917465696638179e-01,1.505557228711932183e+01
1.072804573405130801e+00,2.449533519132531367e+00,9.913111378057939960e-02,7.822633483299044954e+00
2.280136165059038156e+00,6.642888894240540409e+00,8.351101905998031816e-01,2.766236818362978056e+01
-9.833824513888360652e-01,3.892500287052918395e+00,1.620500844416701947e+00,1.597088891347097928e+01
5.251460077087544143e-02,6.604103869645916447e-02,3.711010857626064752e-01,-2.531271360882629273e-01
-1.281949821143776092e+00,-4.032074253278882914e+00,-1.263801340341899060e+00,-2.026028139914936688e+01
1.253596359572877628e+00,2.106495459231087164e+00,-1.235918351412930161e-01,9.717224704036814487e+00
2.235053752779069036e+00,3.501598044072605997e+00,2.006195643406545603e-02,1.684253397268429353e+01
2.094080300443017517e+00,3.577919412472213345e+00,1.075582408531849499e+00,2.078869588641135024e+01
1.902017906186937779e+00,3.277321707757640645e+00,4.784959608803778242e-01,1.458056590295195498e+01
-9.358573476111515799e-01,2.255712535056552781e+00,3.227160092224034549e-01,-1.941792132340406374e+00
9.421249139705689668e-01,5.005754009904955559e+00,1.450803736520143827e+00,3.032632776122252594e+01
2.919842684937073995e-01,2.986601451196342349e+00,1.343880359865053720e+00,1.409037168301281717e+01
1.116766382507150768e+00,1.205088408491697738e+00,-6.729403646352684065e-01,6.399921379907529406e+00
-2.650179107159518210e-01,-4.032074253278882914e+00,-3.086257725344154323e+00,-4.181507101568596596e+01
-6.535033538065031511e-01,-1.181469962348907554e+00,-5.470769737110312558e-01,-1.812819813497064558e+01
-3.860572439361131813e-02,3.135773870678932873e+00,2.105653595401075773e-01,1.458086306144878108e+01
1.063386177307643843e+00,1.285427046963800723e+00,7.553700396035731846e-01,1.240397331889139920e+01
-2.916533671885723766e-01,4.199251200920955940e-01,3.153578516866998305e-01,-6.104303001316302435e-01
-3.542327789160726326e-02,-4.655839374196135694e-01,-9.994984426502780961e-01,-3.005065804558539888e+00
7.886978720985166058e-01,8.678683554651840382e-01,-1.209840992152866335e+00,-1.151735037900849079e+01
-5.293003318046372030e-01,1.874765677299621291e-01,-6.474365887329754932e-01,9.886205017606625178e-01
1.075597737508777740e+00,5.128559452916802819e+00,4.606875991048312718e-02,2.575007623340646035e+01
3.408453166122504818e-01,4.237593294979223657e+00,5.372660527960223531e-01,2.005032619594074106e+01
-7.787981272890520668e-01,-4.456803686417977417e+00,-8.962311704495539155e-01,-1.027118731300100052e+01
2.049374189628820453e+00,2.529549424504316413e+00,-2.506542435655582657e-01,1.542441562190495929e+01
1.051061255977031816e+00,2.106495459231087164e+00,4.127961489332815925e-01,4.031674651641530716e+00
6.884804420044945417e-01,-1.666611915306188241e+00,-1.252957044837409661e+00,-1.275828962586170068e+00
2.423952625835080532e+00,5.844099212476365324e+00,1.029131275642930055e+00,2.591877773133405327e+01
1.494900779598653529e+00,2.608623281493587687e+00,-4.298542308809331636e-01,1.152890735936591327e+01
1.244221910023503908e+00,2.392025436528756988e+00,-5.029085173989172874e-01,1.152631736044637378e+01
-1.501980040516175396e-01,-1.135940204775791607e+00,6.060193614280691143e-01,-4.528196139858465807e-01
7.007346156681334426e-01,4.075212241303427518e-02,-3.738289520051777948e-01,-4.469063424203174595e-01
1.495887365574260608e+00,4.442893950559336780e+00,-1.890781971632640376e-02,1.240397331889139920e+01
1.279932183545998026e+00,1.186922065483431155e-02,-1.703210522662488733e-03,1.077961124548957317e+00
2.423952625835080532e+00,3.577919412472213345e+00,1.003403948635809284e+00,1.938361579739106944e+01
7.396954098046432113e-01,3.724851513710451645e+00,3.894640760441606675e-01,1.881982164274361224e+01
-1.112435836597313710e+00,1.289610632572020910e+00,2.041748309166742659e-01,2.959217358203460879e+00
3.688579150306091403e+00,4.421528943501481734e+00,-1.103235356846697268e+00,2.188652727184184599e+01
1.297904311461072879e+00,-1.338308648036292681e+00,-5.936885513564038597e-01,-2.976079333141596450e+00
1.549779912055756492e+00,2.205809849432186276e+00,-9.967643607126103200e-01,7.604356972981605622e+00
2.183677283950707704e+00,-3.186439749459644144e-01,-2.506542435655582657e-01,1.114236589288413803e+01
3.869270519564413924e+00,8.140472618392195159e+00,-8.852323868810169083e-01,5.071047858991524038e+01
1.698483930088831695e+00,4.752420104531363876e+00,6.060193614280691143e-01,3.469154491587540434e+01
2.320676274834498898e+00,3.593425506807529146e+00,-3.329108801244164417e-01,1.965597073453538357e+01
2.366298940614799839e+00,4.207169175695791630e+00,1.271736485062281985e-01,1.839625482843000270e+01
-2.169769479718492988e-01,8.878422271277710554e-01,1.286044839077873370e-01,2.783851394429390780e+00
-3.695232768094800502e-01,3.733828326623759963e+00,1.238333563508305701e+00,1.965597073453538357e+01
-1.026861476786025129e-01,-1.237242556381002334e+00,-7.527384488339057267e-01,-1.969974333227027330e+01
2.531140147075680691e+00,2.255712535056552781e+00,-1.356216225450590729e+00,5.137439956800263774e-01
2.535074816722458380e+00,7.265633457566595510e+00,9.231158074800726032e-01,3.583105354822699695e+01
-3.072222745618991002e-01,2.945825263665753369e+00,6.246108304949467005e-01,1.369484389499401367e+01
8.944315461559457781e-01,6.535030775143007009e-01,-6.717609189767983491e-01,3.228287011806660889e+00
-6.125069780887963944e-01,-1.913032081830159159e+00,-1.029664402378667881e-01,-1.118561975658617591e+01
-9.102490240546301514e-02,-1.666611915306188241e+00,-4.315961701666560235e-01,-5.219361524487847070e+00
3.039593070358836968e-01,1.277018732702732695e+00,-2.960810610358989292e-01,-3.842403861413972166e+00
1.224977204246117113e+00,-5.117568339624529727e+00,-1.938447797298000097e+00,-2.026028139914936688e+01
1.065169153433595417e+00,3.425196946749490490e+00,7.648768318101041297e-01,1.994142690657452022e+01
2.616950995891451637e-01,8.124385197298176209e-01,-9.668469632720020357e-01,4.505208127706100463e+00
1.860538059138539868e+00,7.988797517232023360e+00,1.400862557852936341e+00,3.817836448437758889e+01
2.235053752779069036e+00,6.093550979606924933e+00,6.690001711071135171e-01,2.992154446206345142e+01
1.755267306583180087e+00,2.027715350508779935e+00,8.718587733604468148e-01,2.874449270794730538e+01
1.370043818117283152e+00,-3.490092829747586389e+00,-1.208249997213143523e+00,-7.695263425498365395e-01
7.785091792857653514e-01,2.476149057864739600e+00,-1.989479238178164244e-01,-1.747413319249941477e+00
2.375261600001477014e+00,1.146614601591087412e+00,6.000343988775522774e-01,4.814571171182609355e+00
1.012572473450860100e-01,-1.135940204775791607e+00,-2.449005516121955384e-01,7.953480505501233644e+00
3.030495168166843278e+00,5.867132825456063294e+00,5.061880370636778759e-01,3.107299945514922968e+01
1.835799945346709539e+00,3.527837174657234343e+00,6.908567552058166861e-01,1.332196513401611782e+01
7.626395327136541447e-01,-1.405184440519340772e+00,-1.946395441895000245e+00,-4.281192068065918122e+00
1.529781539355581366e+00,-2.890207337360350071e+00,-1.631342818966721397e+00,-2.392708820828400462e+01
-2.152885306424456857e-02,-4.586815727328177772e+00,-1.378422353101604880e+00,-2.146074149241665907e+01
2.691778965999828355e+00,7.634432332344315064e+00,7.188681688577437390e-01,3.344670860635805099e+01
1.376075547686703038e+00,-8.452759103027972232e-02,-5.495320665874682264e-01,-1.305947983805324419e+01
1.643209368224893607e+00,5.258354752386540376e+00,1.663072149699902358e+00,4.119613475497140342e+01
2.137230447194355953e+00,2.424613654627679526e+00,-1.740601969358708534e-01,1.114236589288413803e+01
2.588319323353046819e+00,9.683980986192862517e+00,8.386409025443035681e-01,4.025663822218371024e+01
-1.696695538172989792e-01,7.842442014112594784e+00,2.212227861886146396e+00,4.372075318683087630e+01
-1.362320063720186880e+00,-4.218623572544751177e+00,-9.728114968015376673e-01,-2.004092057950216343e+01
-3.932727422549571195e-01,-2.925282474691545787e+00,-8.355343540282822445e-01,-1.967479215803885140e+01
1.781354984786484019e+00,4.482393756103416393e+00,1.109069398375384319e+00,5.186656505457600019e+01
1.684415576078472032e+00,3.994437692706974907e+00,3.766187818042280866e-01,2.445562459728353488e+01
1.609948959210518504e+00,-3.490092829747586389e+00,-1.296206674903582767e+00,-1.417860570216101124e+00
-1.574764084659684649e+00,-4.586815727328177772e+00,-1.023144521979706845e+00,-1.867054855688667203e+01
3.553346582703987844e-01,-4.644314211957873084e+00,-1.540355609410534399e+00,-1.854766369843215656e+01
4.189980002211646237e-01,2.245196899848788785e+00,-1.607464698077246956e-01,-7.226900473298137229e+00
1.616161893894726642e+00,4.264379453754952642e+00,1.505411506313636627e+00,1.934153912161771416e+01
-7.220805087311776838e-02,-6.435234636883396808e-02,7.454847598055858171e-01,8.009324080807150636e+00
5.512070719669197594e-01,4.581824311378190018e+00,7.880965961730924674e-01,2.799627978454438448e+01
-9.102490240546301514e-02,-3.826688821092493420e+00,-1.369435970030916438e+00,-3.309080285862552984e+01
2.076924712979693943e+00,1.093145264487982615e+01,6.532064829528837491e-01,3.409845931283113174e+01
1.547402977700118365e+00,-2.121778779672141013e+00,-1.209840992152866335e+00,-1.417860570216101124e+00
1.761564719959400449e+00,2.564609371182636544e+00,1.406572795370895079e-01,1.020166220016333014e+01
2.003883496522210983e+00,5.883564082027286979e+00,7.874964483410615834e-01,3.059208931469235893e+01
1.962830375848614306e+00,1.752439372141280538e+00,-4.951062122918201136e-01,1.064445155608903804e+01
1.258471785853174207e+00,3.852486651668638906e+00,3.227160092224034549e-01,1.949237907131432834e+01
-7.114627462942673120e-01,-2.219513629286202772e+00,-1.263801340341899060e+00,-9.572605262660923486e+00
3.772721993916984262e-01,-2.103731362306366481e+00,-8.257658420694243828e-01,-1.903235799409766571e+01
-5.230923057811545096e-01,4.289082327590014287e+00,1.418566187299511894e+00,9.800413167026990280e+00
8.867114817139117866e-01,-4.191763875388509142e+00,-1.208249997213143523e+00,-2.265484960247011959e+00
1.852377221260580242e+00,8.126419039390318844e+00,3.480400443359857876e-01,4.725833377569306748e+01
-1.122702838980798479e+00,1.640976711004937361e+00,-1.753663230415399621e+00,-2.768028225770625284e+01
2.043664585828806057e+00,4.909089582677807151e+00,3.480400443359857876e-01,1.975593298601038939e+01
1.890653446321819420e-01,4.199251200920955940e-01,-5.835723050717834814e-01,5.357775444349774929e+00
1.184098507235419317e+00,3.195639991039499250e+00,4.289424670144035834e-01,1.410173338379931707e+01
3.030495168166843278e+00,6.916183559583051199e+00,8.402449082825893534e-01,3.409845931283113174e+01
-2.140741399481935758e-01,-1.317083832227604390e+00,-4.407480139116764506e-01,-5.219361524487847070e+00
6.450130889201660667e-01,2.449533519132531367e+00,2.006195643406545603e-02,1.152890735936591327e+01
4.390143994071201705e-01,5.837548082859294496e+00,-9.793740615825430318e-02,1.548165583889139185e+01
1.116766382507150768e+00,2.011611546784358051e+00,8.867378235553873000e-02,1.031180278665936889e+01
1.738843172718705032e+00,6.319546334334756210e+00,1.321333304681149290e+00,2.835753160189028321e+01
2.020082200214631252e-01,-1.687232556953942586e-01,-1.622237491493524475e+00,-2.760029099729072399e+00
2.569357445821393249e+00,9.360933309609353881e-01,-1.363498289467829583e+00,1.165459621873359275e+01
1.276386719742838682e+00,2.426504882314111988e+00,5.581435611864734581e-01,1.533487636404612076e+01
4.675718435460157751e-01,6.601952909682780479e+00,1.143814272465669246e+00,3.344670860635805099e+01
-3.429146549054826743e-01,6.916183559583051199e+00,1.963194160259193133e+00,3.612215120151210357e+01
6.764086200823914430e-01,4.494542394268994379e+00,7.188681688577437390e-01,1.458056590295195498e+01
1.761564719959400449e+00,2.424613654627679526e+00,1.286044839077873370e-01,9.801005821562295495e+00
7.536516055663933233e-01,1.071442788043955430e+00,2.576228917526743323e-01,2.434688719195561291e+00
1.281142681415206708e+00,1.874517392904832436e+00,3.099071201862686475e-01,9.571359375671690373e+00
2.480732017642851339e+00,7.119862756286513772e+00,3.969291757099450146e-01,3.148409958147794185e+01
7.396954098046432113e-01,8.467054917415367754e+00,1.153292005226036476e+00,3.303526303263468833e+01
9.609664532167734308e-01,-1.403222194502191211e+00,-1.815168071304888553e+00,-3.565322162822884611e+00
8.770400164736630311e-01,4.237593294979223657e+00,9.214019213065349767e-01,1.424302026872344129e+01
1.072804573405130801e+00,2.570579392144630049e+00,1.167851814473897631e+00,1.833340176473397420e+01
4.675718435460157751e-01,-2.391942987728072012e+00,-9.967643607126103200e-01,-6.518420589403958409e+00
7.165733752353462549e-01,2.730180985352196554e+00,4.255665541131687379e-01,1.393506239271396296e+01
-1.702536588737668666e-02,2.730180985352196554e+00,8.701668178463574099e-01,1.361542446507942117e+01
7.165733752353462549e-01,-5.456121955638590926e-01,-9.749503219807271748e-01,-7.397528548365482237e+00
1.949594296073257294e+00,3.510478930891198779e+00,-3.909542691421602489e-01,1.020166220016333014e+01
3.244011446508280327e-01,4.648297109377661496e-01,-2.206829820903182249e-01,3.478285081610668072e+00
1.387260770407011234e+00,6.835905237532897694e-01,-6.415679965865306311e-01,-4.828744662068755744e+00
1.390691713358956916e-01,1.653630076971445817e+00,2.798705731696592425e-01,-8.075403062672087628e+00
2.272824511357885324e+00,9.504525590597502571e+00,1.434338269750009998e+00,4.471432669493770362e+01
1.161257752562804502e+00,5.687475810367250695e+00,5.061880370636778759e-01,2.727510778368021604e+01
3.800747007919520470e-01,-2.959752173858976043e-02,-7.876521771362661184e-01,4.270687708004117233e-01
2.041287749062182577e+00,2.755946866752488233e+00,6.201189513469659333e-03,1.274243857957785409e+01
6.480918706806871876e-01,1.751459363505536437e+00,-5.792028887619314892e-01,-1.417860570216101124e+00
-3.199421084142488603e-01,-2.167145362883595272e+00,-8.751095462165636718e-01,-9.332853120107646561e+00
1.616697265671070971e-01,-3.488126328610924975e+00,-7.223872186363953229e-01,-2.718195746621439213e+01
2.616950995891451637e-01,6.604103869645916447e-02,-6.863374257590945104e-01,6.352006784334465195e+00
1.466429992297820784e+00,1.197646687764682305e+00,-3.567616219420893797e-01,2.589552172744130587e+01
2.483429641670576338e+00,4.263861284309102828e+00,-2.928775335682107794e-01,2.264756679926943050e+01
-1.405545259970981675e-01,3.192939180747405015e+00,-3.125315007399469547e-01,3.478285081610668072e+00
2.542635949044568022e+00,6.425521631946528700e+00,2.108564869011882864e-02,4.169852896533798514e+01
1.662555264518074560e+00,3.749182054038401546e+00,6.908567552058166861e-01,3.469154491587540434e+01
2.169634594162450192e+00,-8.952566671658734876e-02,-8.174651478639481939e-01,-1.615977423488566433e+00
1.099498116575867934e+00,7.516742516803542884e+00,8.402449082825893534e-01,5.071047858991524038e+01
1.227706719930443224e+00,5.120784424103694832e+00,7.011575491560249063e-01,2.405372423393163217e+01
2.000691744000077321e+00,8.522698501635019852e+00,3.397428503836244507e-01,2.213235272589280100e+01
7.357153237508291532e-01,7.628005197140956817e-01,6.321112963160033793e-01,2.162757892152134787e+01
1.527347210307067327e-01,-3.651592945779979615e+00,-8.742820602049053980e-01,-1.809434086804635911e+01
8.869065043918743507e-01,4.908716778203927156e+00,3.227741859211337716e-01,1.949237907131432834e+01
5.376476219238219834e-01,-1.754691361382825221e+00,-1.257239035400164573e+00,-9.971826962467620348e+00
2.718727270064730250e-01,2.931038544086123299e+00,-1.365900910144130231e-01,3.587705774334625008e+00
9.421249139705689668e-01,1.790862891879029473e+00,9.627940745774458964e-02,-2.380331220204348952e+00
-7.177410270500179656e-01,-3.037014356160526063e+00,-5.559857951630133854e-01,-4.292591245372297415e+00
1.381819416083097440e+00,-1.803359841987122847e+00,-1.163121642838955472e+00,-5.817820854359377236e+00
3.273264319959240387e-01,-4.016325402306035741e+00,-1.771123518859560875e+00,-1.867054855688667203e+01
7.785091792857653514e-01,2.192616621854938330e+00,-3.324892767227256019e-01,6.902963937035863751e+00
1.224977204246117113e+00,-6.247011742725183669e-01,-1.424539437961691357e+00,-2.372655403570590682e+00
2.909406604314242362e+00,7.265633457566595510e+00,5.155018557584538641e-01,4.168851990494685822e+01
8.509414599075396657e-01,4.867412409289975983e+00,-1.750468875629353771e-01,1.224558884348375720e+01
1.547134459909065063e+00,4.127328344131512949e+00,1.003403948635809284e+00,1.678840077547872767e+01
1.687118734298077793e+00,5.223848625721461580e+00,-1.365900910144130231e-01,2.372157180169378421e+01
2.581708996445635229e-01,1.437367768294772752e+00,3.227160092224034549e-01,1.908194247379070418e+01
1.534876638274007110e+00,3.757059091878138801e+00,4.303553345482188930e-01,1.866267765334210438e+01
1.962830375848614306e+00,1.640013541615003678e+00,-2.592224766919595247e-01,-1.915722557879393717e+00
7.886978720985166058e-01,2.605796282159728250e+00,-2.450621919081545363e-01,1.253893429890971234e+01
2.483429641670576338e+00,6.615893608466945963e+00,1.128888371059795892e+00,2.347084663547244432e+01
4.079758468688183815e-01,-6.321513987677955804e+00,-1.434899436548035645e+00,-2.628438833295361832e+01
6.752012189866576364e-01,8.617809182699406989e+00,1.046828607145579015e+00,5.071047858991524038e+01
-2.647930323064808800e-01,-2.167145362883595272e+00,-9.578118324793486460e-01,-5.219361524487847070e+00
1.616161893894726642e+00,8.305070082622560079e+00,5.096786225388905134e-01,4.725833377569306748e+01
4.675718435460157751e-01,1.277018732702732695e+00,-8.691887473246967533e-01,1.122911689296625992e+00
7.117369828634263484e-01,1.297851744929402917e+00,5.402883040270093362e-01,2.372157180169378421e+01
2.455389849781602685e+00,6.492003974879643202e+00,6.461900389287481561e-01,3.469154491587540434e+01
1.553263543254610468e+00,3.889031009977125031e+00,1.253259131809094651e+00,2.469211281102497324e+01
2.531140147075680691e+00,5.703623288350556209e+00,1.474654799012134476e-01,2.270607515385956177e+01
-3.090598238038040346e-01,-3.539077072530832258e+00,-1.284690571304843099e+00,-1.854766369843215656e+01
1.630043497019093568e-01,1.887440603561329810e+00,3.607498585496733412e-01,2.696530596078737574e+00
2.742895892875628627e-01,4.263861284309102828e+00,1.382403991625813289e+00,1.684253397268429353e+01
2.280136165059038156e+00,-1.500975865314069235e+00,-1.068351277813869515e+00,-1.747413319249941477e+00
6.342911144844058935e-01,3.810424489533011716e+00,-6.840768674112582826e-01,-4.828744662068755744e+00
2.108288530418393147e+00,1.843392798224330331e+00,-8.138219827544235230e-01,1.010114849953950511e+01
1.363882003646055940e+00,7.065298414512603209e+00,6.690001711071135171e-01,2.466222341447483402e+01
1.353076227796170539e+00,-1.277470386301802208e+00,-5.007197243449931223e-01,-1.383488017813545357e+00
1.375444989784306848e+00,1.202483263094985766e+00,-3.833674368564564672e-01,1.010114849953950511e+01
7.626395327136541447e-01,-3.414810524514589218e+00,-1.318860874329747412e+00,-1.209980413822094292e+01
1.018253091676416311e+00,8.681249359394989540e+00,2.901759910422836430e-01,4.372075318683087630e+01
2.252466714498546629e+00,9.340279349572896406e-01,-3.867721406116836347e-01,-1.915722557879393717e+00
3.039593070358836968e-01,2.484320140225270368e+00,8.135367419845727088e-01,1.505557228711932183e+01
1.279932183545998026e+00,-4.233279803502300598e-01,-4.319141603721687178e-02,-3.818325170409698099e+00
1.910423656673616577e+00,1.437367768294772752e+00,8.718587733604468148e-01,7.226039795351113071e+00
1.879861031767221302e+00,-5.351445607138427540e-01,-2.730136081387392055e-01,9.186735766683364890e-01
8.770400164736630311e-01,1.534719366746477798e+00,3.352034621618394383e-01,8.009324080807150636e+00
8.834618358152066531e-01,1.373939573426807836e-02,-3.867721406116836347e-01,-6.567210736158056505e+00
1.546205121773967850e+00,2.352497728565551505e+00,-3.732971971235582997e-01,1.152890735936591327e+01
1.729982318070374392e-01,3.281415998336248419e-01,4.127961489332815925e-01,-1.386130983991859633e+00
1.284261095469699576e+00,4.871413521362436327e+00,1.257754873659617356e+00,3.581051344025913608e+01
1.469492879708123034e+00,3.810424489533011716e+00,-9.894328609349546388e-01,-5.817820854359377236e+00
1.428672370290711813e+00,5.557053038889005592e+00,1.179922361736621239e+00,2.624309053623944621e+01
2.985749990896170658e+00,6.936675585805933686e+00,6.962136017063210724e-01,3.448790730153290696e+01
-3.023520775296746343e-01,-2.890207337360350071e+00,-1.378422353101604880e+00,-1.903235799409766571e+01
9.695996101316327609e-01,3.889031009977125031e+00,1.319441677084692843e+00,2.660148252148312409e+01
2.024500517904283203e+00,2.426504882314111988e+00,1.085035707427417506e+00,7.362186672129781506e+00
-2.929120288097828428e-01,3.733828326623759963e+00,7.570907494059725407e-01,2.348470572183495264e+01
-6.412060725097046276e-01,-3.322892610140716574e+00,-4.563690058447386622e-01,-9.726835158152619343e+00
1.259756656302106315e+00,1.887440603561329810e+00,-8.397157568532995775e-01,7.953480505501233644e+00
5.482975683170792092e-01,1.721525116631959396e+00,-6.106942783340769260e-02,6.902963937035863751e+00
9.013632375857039136e-01,8.140472618392195159e+00,2.256198965914095300e+00,3.982101193898468949e+01
1.327762848231025750e+00,5.347577399288834243e+00,5.522358611568758402e-01,3.542166926523726289e+01
1.784884491409684859e+00,4.867412409289975983e+00,-3.909542691421602489e-01,1.009786369306061715e+01
1.684415576078472032e+00,1.833130990996069354e+00,3.004354260239246455e-01,4.312957051738788294e+01
1.504041043685990342e+00,8.126419039390318844e+00,1.601134000353157560e+00,3.817836448437758889e+01
2.235053752779069036e+00,5.844099212476365324e+00,6.690001711071135171e-01,3.032632776122252594e+01
1.270971719998393201e+00,3.568631783626377452e+00,3.262393515553587697e-01,1.237583623688817269e+01
3.869270519564413924e+00,6.350440260289996530e+00,1.011777914810434220e+00,4.471432669493770362e+01
6.520903835373990098e-01,-2.459697720057545389e+00,-1.406557907248437544e+00,-5.219361524487847070e+00
2.742895892875628627e-01,-2.522541927483906044e+00,-5.936885513564038597e-01,-1.969974333227027330e+01
9.331318948272215863e-01,6.190026829755727045e-01,-9.182471944222245774e-01,-4.204291504778744581e+00
1.822964695604896823e+00,4.075212241303427518e-02,-7.876521771362661184e-01,-1.747413319249941477e+00
1.802416222759117836e+00,7.628005197140956817e-01,3.577985133182561284e-01,1.994142690657452022e+01
8.191571685890369769e-01,3.994437692706974907e+00,1.418566187299511894e+00,1.845635217836114350e+01
1.553263543254610468e+00,3.744864459524348099e+00,-2.206829820903182249e-01,2.886965473599109266e+00
6.258642634921391945e-01,-1.001581078889086429e+00,-7.599736814092575843e-01,-1.934546337342085565e+01
1.035685865084577717e+00,7.119862756286513772e+00,6.461900389287481561e-01,3.377507394410877595e+01
-1.187570497926430768e+00,4.111635755394784097e-01,7.011575491560249063e-01,1.234334724154988683e+00
1.962830375848614306e+00,4.405382418620296114e+00,6.771263108626599525e-01,3.207691694407730409e+01
1.343581309768711041e-01,6.980329331510167767e-01,-2.206829820903182249e-01,-4.323175920807166506e+00
2.094080300443017517e+00,1.059254940934608036e-01,-8.751095462165636718e-01,1.234334724154988683e+00
8.597388391683637998e-01,7.667484549447236564e-01,-1.307345481357218953e+00,3.694341256121799422e+00
7.838638016076533432e-01,1.634822327778474360e+00,-1.875739582270688599e+00,8.143628984635267187e+00
1.618365384375548555e+00,1.205088408491697738e+00,-1.394579605272679990e+00,1.227477945587156682e+01
6.932830867030743693e-01,2.898469218146512816e+00,-8.691887473246967533e-01,-2.419799826168921797e+01
6.295402858216245789e-01,4.727310976542690391e+00,8.213419656259033363e-01,2.934326508014343560e+01
7.626395327136541447e-01,2.373697104495543719e+00,1.015876040222023713e+00,9.800413167026990280e+00
2.186361075341421767e+00,6.879385060593401491e+00,9.166243130325210098e-01,2.797244326142392268e+01
1.549779912055756492e+00,4.547405910760822678e+00,7.011575491560249063e-01,2.718119167277522408e+01
3.106697496356699784e+00,5.276654542628216760e+00,-2.028386958003760288e-01,1.866304379988240214e+01
1.786074249672177316e+00,1.354319920732171889e+00,-6.415679965865306311e-01,6.956213526857771612e+00
8.409141957129536715e-01,2.942217213412634980e+00,-1.119271821771668618e+00,-7.202534510066898044e-01
2.542635949044568022e+00,6.276457781827733839e+00,-2.917798622163258332e-02,3.171112556015615525e+01
9.695996101316327609e-01,-1.474123019620674935e+00,-1.946395441895000245e+00,-6.465487067234573892e+00
1.684415576078472032e+00,-1.083997421629850022e+00,-9.728114968015376673e-01,-2.077644384065679972e+01
-6.615879746526065475e-02,4.442893950559336780e+00,6.850167526245121152e-01,1.256636962440049032e+01
1.964254675974672404e+00,8.086819152866430827e+00,1.845599858684976224e+00,1.903752738924658772e+01
2.014502823126834485e+00,7.603765056120395549e+00,7.188681688577437390e-01,3.059208931469235893e+01
7.944078124615598924e-01,5.262890618897628769e+00,9.166243130325210098e-01,2.660148252148312409e+01
1.096572623203376784e+00,2.608623281493587687e+00,-2.988789030822848747e-01,1.224558884348375720e+01
1.603122709733460827e+00,3.043852246050306132e+00,-5.399516278062969077e-01,1.946392106784929510e+01
1.869659164721755973e+00,5.538474378303321899e+00,1.468762196339818749e+00,2.766236818362978056e+01
5.251460077087544143e-02,-5.303897260407168801e+00,-1.896239335930211656e+00,-2.768028225770625284e+01
1.180168294964777820e+00,-2.769362352791718607e+00,-1.250975328972087519e+00,-1.153453817110975876e+01
1.667025015356265349e+00,4.328320147913835569e+00,6.615766676088585818e-02,1.393506239271396296e+01
-6.347354133940406040e-01,3.897246599471893003e+00,1.703538669833460473e+00,1.866304379988240214e+01
1.703325057758890537e+00,9.124347611662855684e+00,-2.917798622163258332e-02,4.392812361613492556e+01
-7.220805087311776838e-02,2.424613654627679526e+00,8.159486394284314326e-01,9.803036297264007715e+00
1.271368060288674329e+00,3.762822331529857678e+00,-4.416871015233404529e-01,2.589552172744130587e+01
1.065169153433595417e+00,3.315318100175250748e+00,7.553700396035731846e-01,1.240397331889139920e+01
2.355767689524221442e+00,1.725417329393301058e+00,-2.235984397632210241e-01,8.810095954857342093e+00
1.612176089818056379e+00,7.505950295751483203e+00,1.153292005226036476e+00,1.903752738924658772e+01
-1.929167292414324386e-02,3.318236156263547176e+00,1.109069398375384319e+00,2.162757892152134787e+01
4.570283105788350841e-01,-3.438873986112637393e+00,-2.461464488695904451e-01,-1.667209073321776813e+01
-8.299507719308949483e-01,-3.490092829747586389e+00,-6.474365887329754932e-01,1.407415699633066231e+00
2.281268738540612517e+00,3.480269751165628200e+00,1.304665734664548493e+00,2.854213787208985664e+01
1.672472376061462818e+00,2.476149057864739600e+00,2.424687947419103540e-01,-8.290349958761394689e+00
1.527347210307067327e-01,-1.237242556381002334e+00,-4.291079264418866113e-01,-2.419799826168921797e+01
2.135541475158950320e+00,4.547405910760822678e+00,7.364875296388126991e-01,2.347084663547244432e+01
2.250192510412041713e+00,1.634822327778474360e+00,-1.275347211741831188e+00,-2.826420963696592459e+00
1.424393308575620409e+00,1.186922065483431155e-02,-2.206829820903182249e-01,2.922075798744081077e+00
9.901910122862691566e-01,9.340279349572896406e-01,-6.352654255470805422e-01,4.444592982697868067e+00
2.423944172687328091e+00,8.730563104502950367e+00,1.323082329091115339e+00,4.346857245725090024e+01
4.422033269322014348e-01,3.290916924976560853e+00,2.896039409783993657e-01,1.458275729791097497e+01
2.169634594162450192e+00,1.751459363505536437e+00,-4.291079264418866113e-01,-6.941913512630263128e+00
1.087032491875415285e+00,1.874765677299621291e-01,-1.020203631117243770e+00,-3.842403861413972166e+00
5.376476219238219834e-01,1.186922065483431155e-02,5.686685392076002987e-01,-4.528196139858465807e-01
7.396954098046432113e-01,3.145256934119615266e+00,7.880965961730924674e-01,2.858993144193008362e+01
-1.210660183813849766e-01,1.205088408491697738e+00,-6.106942783340769260e-02,7.604356972981605622e+00
6.605269673060583102e-01,1.186922065483431155e-02,-3.329108801244164417e-01,7.812109329122870705e+00
3.244011446508280327e-01,4.648297109377661496e-01,-1.235918351412930161e-01,3.967179390455431331e+00
2.275463943795830168e+00,4.708484149832176335e+00,7.188263058246504578e-01,2.472441104688759239e+01
7.117369828634263484e-01,-7.283599366012031284e-01,-4.519632678866725151e-01,1.398046620327946243e+01
1.582715659332696978e+00,3.396852569161232793e+00,-3.397052879073271248e-01,1.089337845656091197e+01
2.177545688971207483e+00,3.649851167117832862e+00,-3.567616219420893797e-01,1.901131140407214914e+01
-4.639374734331827010e-01,3.183593917629781167e+00,7.738464909504947364e-01,1.077961124548957317e+00
3.800747007919520470e-01,8.305070082622560079e+00,1.277189784720306864e+00,4.169852896533798514e+01
1.377227623981410964e+00,4.793548613023824956e+00,9.948476408136808224e-01,4.168851990494685822e+01
7.845738086198104089e-01,9.040674145881908430e-01,4.942305836489417348e-01,6.351944433793708100e+00
1.643209368224893607e+00,2.931038544086123299e+00,-1.443450608983336769e+00,8.652430946480212270e+00
2.276119475791809066e+00,9.516658900259356457e+00,1.468114457591565225e+00,1.814501592721908807e+01
1.738843172718705032e+00,6.425521631946528700e+00,1.450848241278693607e+00,2.977160683240494521e+01
1.271368060288674329e+00,4.078696578447403631e+00,-4.416871015233404529e-01,1.918921931714814377e+01
-1.405545259970981675e-01,4.581824311378190018e+00,1.587288413941336573e+00,2.206934192996814303e+01
1.224977204246117113e+00,-1.225455300493760280e+00,-5.936885513564038597e-01,-7.226900473298137229e+00
1.614277066543252648e-01,2.636519801290098997e+00,2.745523130195900441e-01,1.946392106784929510e+01
2.177545688971207483e+00,3.527837174657234343e+00,-3.319370444012430532e-01,2.188652727184184599e+01
1.110824016193559416e+00,3.892500287052918395e+00,-3.172544238770046987e-01,2.589552172744130587e+01
1.502124391838945749e+00,3.480269751165628200e+00,3.711010857626064752e-01,4.312957051738788294e+01
-1.875473438069867882e-01,-7.797898725093692640e-01,2.424687947419103540e-01,-4.323175920807166506e+00
2.024500517904283203e+00,3.577919412472213345e+00,1.075582408531849499e+00,2.078869588641135024e+01
-7.200410251271749384e-01,5.036612501959480070e+00,1.128888371059795892e+00,2.575007623340646035e+01
1.252897288397365250e+00,2.290417365292237939e+00,-6.701932169752889967e-01,-4.828744662068755744e+00
3.127699191730477501e-01,2.886038691616704899e+00,-9.578118324793486460e-01,-1.535404897936047597e+01
1.316578792350659111e+00,1.902041542980274169e+00,5.528527140040897514e-01,6.672411626133261109e+00
1.685998841781035873e+00,5.005754009904955559e+00,1.676574799235110103e+00,2.518930939004285463e+01
1.879861031767221302e+00,3.889031009977125031e+00,7.874964483410615834e-01,2.727510778368021604e+01
-3.429146549054826743e-01,-5.183085946433447333e+00,-1.378422353101604880e+00,-2.026028139914936688e+01
4.874138315593019577e-01,2.534213473082883361e+00,-5.559857951630133854e-01,-5.817820854359377236e+00
3.688579150306091403e+00,4.119954455260831594e+00,7.880965961730924674e-01,2.055387525663816461e+01
2.183677283950707704e+00,-1.148076367837070677e+00,-2.960810610358989292e-01,4.031674651641530716e+00
1.582715659332696978e+00,3.810424489533011716e+00,-9.093891897403930669e-01,-7.226900473298137229e+00
2.625950221930470896e+00,4.871413521362436327e+00,4.889211498789152177e-01,3.941308918803547101e+01
1.378457692799159195e+00,4.909089582677807151e+00,6.961003826922090160e-03,2.645237952191890329e+01
1.353076227796170539e+00,3.527837174657234343e+00,6.009916889733438877e-02,2.162757892152134787e+01
2.250192510412041713e+00,6.341473842589743448e+00,6.321112963160033793e-01,4.028945797420460195e+01
1.563972503331174435e+00,9.516658900259356457e+00,2.790366767060770692e-01,3.050537929568538331e+01
-1.122702838980798479e+00,-1.652195045984953037e+00,5.402883040270093362e-01,-1.445069367067461030e+01
1.802416222759117836e+00,5.258354752386540376e+00,7.570907494059725407e-01,4.817878669724874641e+01
1.788230147059380659e+00,1.114691038321607319e+00,-9.967643607126103200e-01,1.064304100963786581e+01
2.094080300443017517e+00,-1.107222775630518852e+00,-4.315961701666560235e-01,1.152631736044637378e+01
1.012572473450860100e-01,-1.500975865314069235e+00,-6.198176210615006232e-01,4.790858353661304747e+00
3.032123979271765801e-01,8.263674259004645251e-01,1.532140937660816105e-01,3.967179390455431331e+00
-1.709648474584956723e+00,2.585552769950397511e+00,-1.004676104924218383e-01,-5.219361524487847070e+00
4.822892179924342937e-01,2.015516466181516364e+00,2.992121011452620882e-01,-1.617688342887160236e+00
1.781856824052140853e+00,2.192616621854938330e+00,-1.486268982163250429e+00,1.227477945587156682e+01
1.265929062036933672e+00,1.661477934532828105e+00,-4.666262320999891577e-01,1.266809154345400401e+01
1.273605133754836860e+00,3.318236156263547176e+00,1.253259131809094651e+00,1.678840077547872767e+01
1.988370345078823043e+00,5.120784424103694832e+00,4.127961489332815925e-01,2.428825881794642783e+01
1.239811002994843925e+00,2.102727264399887552e+00,1.532140937660816105e-01,1.297669579102863580e+01
1.348518754996664404e+00,-1.887599638590487405e+00,2.812313221410471797e-01,-8.075403062672087628e+00
-3.065521922358058760e-01,-1.417400194584556461e+00,-5.223740494025280734e-01,-8.431467562516164804e+00
-1.492006869391275803e-01,-3.909860904897824341e+00,-9.707759551373205120e-01,-2.955849606762873449e+01
1.373513556207484276e+00,6.190026829755727045e-01,-1.101074340372972804e+00,-5.920490100454284921e+00
2.309272580790314500e+00,7.242381559842630878e+00,1.517512307878648548e+00,3.567251390837825653e+01
1.802416222759117836e+00,-3.007307484804212727e+00,-6.452169277273801518e-01,1.189092061114980403e+01
1.998918515092638071e+00,3.201465343903392213e+00,1.474654799012134476e-01,1.839625482843000270e+01
7.357153237508291532e-01,1.071442788043955430e+00,-4.947229402478743321e-01,7.812109329122870705e+00
1.096572623203376784e+00,4.867412409289975983e+00,-2.538192503298112856e-01,1.189092061114980403e+01
4.992535773017914291e-02,-2.664085813009905657e+00,-3.086257725344154323e+00,-1.295074742909563170e+01
1.534016654732875740e+00,6.980329331510167767e-01,-1.179191120446717367e+00,-1.417860570216101124e+00
1.137573295788853134e+00,1.843392798224330331e+00,-2.448776581115162110e-01,6.591707610650882287e+00
1.964254675974672404e+00,-1.148076367837070677e+00,-6.274697809459038877e-01,7.604356972981605622e+00
3.887103365988361370e-01,3.183593917629781167e+00,2.041748309166742659e-01,2.696530596078737574e+00
2.766522182063602564e+00,-3.007307484804212727e+00,-5.685619433386247534e-01,5.578864712298018169e+00
1.495887365574260608e+00,9.272400111391808863e+00,2.077562638529302230e+00,5.896882760917009847e+01
1.875426999852381149e+00,4.501468059349281070e+00,6.664882395141226157e-01,2.358003256665473302e+01
5.376476219238219834e-01,-1.237242556381002334e+00,-9.461868967771692729e-01,-2.077644384065679972e+01
5.280540537966543768e-01,2.373697104495543719e+00,8.824908042868011560e-01,1.009786369306061715e+01
1.411896670894399186e+00,7.094370381514484292e-01,-7.153281487863749621e-01,-4.828744662068755744e+00
-1.530577724283659791e+00,-4.537938712363909666e+00,-4.104940247133210263e-01,-3.309080285862552984e+01
1.279932183545998026e+00,4.501468059349281070e+00,1.100080179653450951e+00,2.211678903553491082e+01
3.240939754552247809e-01,-2.418122954667270896e+00,-1.045427804038148611e+00,-1.209980413822094292e+01
3.288490709598656636e+00,6.080298512266415045e+00,1.676574799235110103e+00,3.110495083630981128e+01
6.429129148135557248e-01,7.094370381514484292e-01,-1.119271821771668618e+00,2.877594982900954168e+00
1.252897288397365250e+00,3.762822331529857678e+00,7.364875296388126991e-01,1.664833796576057168e+01
1.786074249672177316e+00,2.636519801290098997e+00,-8.946127877557501218e-02,1.393506239271396296e+01
3.264394636281219286e-01,1.887440603561329810e+00,1.286044839077873370e-01,1.958610733403238990e+00
1.869659164721755973e+00,7.754631826008606232e+00,1.349031508631527210e+00,4.195603738513379000e+01
-7.459355987370959173e-01,-4.675364523169692532e+00,-1.021163912605814739e+00,-1.916001455418219024e+01
3.030495168166843278e+00,6.492003974879643202e+00,6.962136017063210724e-01,3.064925932536605657e+01
3.517380950862577516e-01,2.901643693703110038e+00,3.969291757099450146e-01,1.297669579102863580e+01
1.647651203439341128e+00,1.480906007281691972e+00,-9.119649754877034997e-01,-1.983143334418041448e+01
1.012572473450860100e-01,4.648297109377661496e-01,-5.007197243449931223e-01,5.696717409744808336e+00
1.116445576503231063e+00,2.056686719665758556e+00,4.500109075948900417e-01,1.020166220016333014e+01
-3.966057610658653143e-01,1.085067174429316772e+00,-6.165086820454445116e-01,-8.431467562516164804e+00
1.618365384375548555e+00,4.364941445166934386e+00,7.178593486422343295e-01,2.118212782529703020e+01
4.822892179924342937e-01,4.075212241303427518e-02,-4.816705519319502415e-01,-1.695953360522667319e-02
-3.023520775296746343e-01,-2.121778779672141013e+00,-2.821389368588825830e-01,-9.793355611205201150e-01
1.207854176274650415e+00,4.334894534638316976e+00,-1.365900910144130231e-01,1.393506239271396296e+01
2.182825295834158741e+00,7.603765056120395549e+00,6.771263108626599525e-01,2.843914975561239800e+01
4.586933209570256409e-01,-3.490092829747586389e+00,-7.053513220377994886e-01,-1.006948918005389659e+00
9.740611484888516136e-01,-3.651592945779979615e+00,-1.369435970030916438e+00,-1.445069367067461030e+01
2.498043250748202215e+00,3.762822331529857678e+00,-3.893663030586058116e-01,2.264756679926943050e+01
-9.329712285791769144e-01,-6.094321536918743121e-01,-5.495320665874682264e-01,-1.887283505189227739e+01
1.121482104486621667e+00,3.315318100175250748e+00,3.969291757099450146e-01,1.745062980073559089e+01
6.480918706806871876e-01,1.218911638645983508e+00,-9.911743076369965433e-01,-1.267565054197312691e-01
6.752012189866576364e-01,4.421528943501481734e+00,1.001481178414884710e+00,1.597088891347097928e+01
6.342911144844058935e-01,5.224836299344621793e+00,5.522358611568758402e-01,3.083303895195109234e+01
1.297904311461072879e+00,-1.338308648036292681e+00,-4.654580960800091538e-01,-3.818325170409698099e+00
1.655280564586767866e+00,3.138938147364516595e+00,1.286044839077873370e-01,1.505557228711932183e+01
2.036751556468818780e-01,-3.319160878163603279e+00,-4.563690058447386622e-01,-4.487604188928403737e+00
2.139804512196753716e+00,6.744808713074889717e+00,9.723712430233291126e-01,3.759424046184071244e+01
2.076924712979693943e+00,6.492003974879643202e+00,4.606875991048312718e-02,4.312957051738788294e+01
1.258988468871883537e+00,-3.946578091876122407e+00,-2.211106207810807245e+00,-1.662616280216897380e+01
9.527118533615481777e-01,1.874517392904832436e+00,4.506185480622256212e-01,9.571359375671690373e+00
8.485329862578516735e-02,-1.367345476257620485e+00,1.633784683908553914e+00,2.188652727184184599e+01
9.226397662632013219e-01,4.722044101473446887e+00,6.440510142937436733e-01,2.230266537415723604e+01
2.348642193899835640e+00,9.458448022402807354e+00,1.482756458876372863e+00,4.610839088772896588e+01
1.964254675974672404e+00,-1.798617159269267018e+00,-9.463356623598204731e-01,7.455790691771385426e+00
2.653581120443368135e+00,9.360933309609353881e-01,-5.514883997333043242e-01,4.727743042780158333e+00
1.534876638274007110e+00,8.305070082622560079e+00,1.468165197015005141e+00,3.597129853643720310e+01
1.547134459909065063e+00,-7.283599366012031284e-01,-1.939458537605491528e-01,6.925811081711715111e+00
1.022362693381536181e+00,4.545898957380358318e+00,1.468165197015005141e+00,1.992812604469437332e+01
1.290595587823054835e+00,3.221946863257352689e+00,-2.450621919081545363e-01,8.009324080807150636e+00
-1.709648474584956723e+00,1.197646687764682305e+00,1.450803736520143827e+00,2.294297891303292758e+01
7.650760319539422483e-01,3.733828326623759963e+00,3.227160092224034549e-01,2.215252537608743566e+01
1.121482104486621667e+00,1.349042369503446359e+00,3.969291757099450146e-01,2.188652727184184599e+01
1.116445576503231063e+00,4.078696578447403631e+00,4.506185480622256212e-01,1.186931888701933424e+01
4.522996766122847623e-01,2.011611546784358051e+00,4.255665541131687379e-01,1.048298358356450599e+01
-3.919604401578173913e-01,2.102727264399887552e+00,1.047774080096100180e+00,1.089337845656091197e+01
1.069389046518751218e+00,8.305070082622560079e+00,1.341260819952306838e+00,3.941817901443876337e+01
-1.026861476786025129e-01,-1.500975865314069235e+00,-8.839758917406592698e-01,8.143628984635267187e+00
1.069389046518751218e+00,3.852486651668638906e+00,-1.039312171592877976e-01,2.294297891303292758e+01
6.429129148135557248e-01,2.255712535056552781e+00,-6.474365887329754932e-01,1.909341710500449096e+00
7.244609356220714780e-01,3.195639991039499250e+00,3.153578516866998305e-01,1.746437427975343581e+01
-9.408597742990998380e-01,-2.418122954667270896e+00,-3.893663030586058116e-01,-1.296394286669722717e+01
-8.224767805245567498e-01,-4.032074253278882914e+00,-8.174651478639481939e-01,-2.528897512811505877e+01
2.139804512196753716e+00,4.397320971922319188e+00,5.522358611568758402e-01,2.270607515385956177e+01
1.115944878324266254e+00,3.501598044072605997e+00,1.413411508805339167e+00,8.232074314599874043e+00
9.421249139705689668e-01,1.480906007281691972e+00,-1.318860874329747412e+00,-1.616711389336895266e+01
2.332485367280472843e+00,1.537357872305181505e+00,-1.307345481357218953e+00,9.380799047887643738e+00
-1.281949821143776092e+00,-3.901514391925102743e+00,-5.786248677712771959e-01,-1.883476324559476467e+01
1.879861031767221302e+00,-1.107222775630518852e+00,3.352034621618394383e-01,5.542376992566464544e+00
2.519972913690076588e+00,8.603275541836897133e+00,2.901759910422836430e-01,4.271451449880013485e+01
1.609948959210518504e+00,2.544322118449997561e+00,3.100885417141620581e-01,1.240397331889139920e+01
-6.944541069533545219e-01,-2.701605711549234456e+00,-4.816705519319502415e-01,-2.154255467478499497e+01
3.181231960708197359e-02,1.071442788043955430e+00,-5.399516278062969077e-01,1.398046620327946243e+01
1.424393308575620409e+00,3.527837174657234343e+00,9.214019213065349767e-01,1.383568258480151769e+01
1.276386719742838682e+00,-6.121289750033453991e-01,-7.617903255441352828e-01,-4.469063424203174595e-01
-7.177410270500179656e-01,-1.220774988456735377e-01,-5.514883997333043242e-01,-7.695263425498365395e-01
1.332090778443326018e+00,-8.338664470246769156e+00,-2.844879319422910502e+00,-3.309080285862552984e+01
5.638466155929811041e-01,5.557053038889005592e+00,1.238333563508305701e+00,2.783771782612502577e+01
-8.952667975605328454e-01,-2.167145362883595272e+00,-1.029664402378667881e-01,-1.216815116191070345e+01
1.316578792350659111e+00,-9.673754239301729507e-01,-3.330081710610270362e-01,4.444592982697868067e+00
1.159679118754738170e+00,-1.181469962348907554e+00,-1.381137500430730025e+00,-1.688829503652984343e+01
8.509414599075396657e-01,1.616220007755873711e+00,-4.463335539259229434e-01,1.116244751505479016e+01
-6.207368714768657370e-02,2.192616621854938330e+00,1.075582408531849499e+00,-1.915722557879393717e+00
1.259756656302106315e+00,-3.322892610140716574e+00,-8.060070166076430676e-01,-1.700212667828666468e+01
-3.199421084142488603e-01,3.757059091878138801e+00,1.178390464677494309e+00,2.162757892152134787e+01
1.244221910023503908e+00,1.103558748950815271e+01,3.269568412902823518e+00,3.817836448437758889e+01
2.381429755741391485e+00,7.754631826008606232e+00,1.380016907959005668e+00,3.809918856423860234e+01
2.704100498045105105e+00,3.425196946749490490e+00,4.942305836489417348e-01,1.664503023033318385e+01
1.453029101172472526e+00,4.262650481659745694e+00,1.072589123319581894e+00,2.078869588641135024e+01
1.083597191705057083e+00,1.535138886102775935e+00,-9.894328609349546388e-01,-6.567210736158056505e+00
-7.114627462942673120e-01,-1.555254665325185748e+00,-6.274697809459038877e-01,-6.390096181917041207e+00
9.769133877516881226e-01,1.527478655800616592e+00,-8.839758917406592698e-01,4.292975711621638268e+00
1.147742443239466281e+00,3.480269751165628200e+00,5.891761388023024626e-01,4.169852896533798514e+01
3.869270519564413924e+00,1.349042369503446359e+00,-1.209840992152866335e+00,2.372157180169378421e+01
-7.992462607396864094e-01,-3.438873986112637393e+00,-7.060908989098491073e-01,-6.423531681424812234e+00
1.290595587823054835e+00,7.813725793081267135e+00,4.889211498789152177e-01,2.277049680976299584e+01
1.411896670894399186e+00,2.730180985352196554e+00,-2.084782223179310334e-01,1.527003975939726566e+01
2.366955702548817486e-01,2.755946866752488233e+00,2.091957071209991637e-01,1.946392106784929510e+01
5.519030872519112840e-01,-2.103731362306366481e+00,-7.373084507291756129e-01,-1.811022268449102057e+01
1.630043497019093568e-01,1.535138886102775935e+00,-9.528463931831283595e-01,-2.180962786171792622e+00
1.116445576503231063e+00,3.318236156263547176e+00,1.253259131809094651e+00,1.817588120349329728e+01
-4.364089536673896319e-01,2.534213473082883361e+00,-8.732944644821934999e-01,-9.793355611205201150e-01
1.788230147059380659e+00,3.227347247243911088e+00,6.009916889733438877e-02,1.697319135346958063e+01
6.322747946258056029e-02,-1.090979948693692747e-01,-3.447760914056275383e-01,-1.417860570216101124e+00
5.429714507106022658e-01,-3.319160878163603279e+00,-5.792028887619314892e-01,-3.842403861413972166e+00
4.570283105788350841e-01,4.727310976542690391e+00,1.418566187299511894e+00,2.629838547380552072e+01
2.985749990896170658e+00,7.460615239297844425e+00,9.756064540733646595e-01,3.555936580111568190e+01
1.051061255977031816e+00,4.078696578447403631e+00,1.259094376725853559e+00,4.814571171182609355e+00
1.546205121773967850e+00,-3.007307484804212727e+00,-3.319370444012430532e-01,1.064445155608903804e+01
-3.886324413083708240e-01,-1.555254665325185748e+00,3.871806077629486031e-01,-1.667209073321776813e+01
-6.615879746526065475e-02,1.277018732702732695e+00,-4.666262320999891577e-01,-1.497456570278506538e+00
1.121254758096433601e+00,2.015516466181516364e+00,-2.988789030822848747e-01,1.958610733403238990e+00
1.501199036044359225e+00,5.007115757675443035e+00,5.522358611568758402e-01,3.128387951280833690e+01
8.299839089004386050e-01,6.581602813371268290e+00,1.323082329091115339e+00,3.050537929568538331e+01
1.652867777202361665e+00,6.904991786795704911e+00,3.894640760441606675e-01,3.207691694407730409e+01
6.889848126631736847e-01,-3.322892610140716574e+00,-1.631342818966721397e+00,-6.465487067234573892e+00
2.159442858245126384e-01,-1.209516985131063649e+00,-6.637758865165963584e-01,-9.332853120107646561e+00
1.224894379774144504e+00,-1.474123019620674935e+00,-1.397650429503047853e+00,-1.535404897936047597e+01
-9.833824513888360652e-01,7.916913925341786396e-01,2.896039409783993657e-01,-2.842987991506832124e+00
1.786074249672177316e+00,9.040674145881908430e-01,-3.031971253650285192e-01,9.775303043299532035e+00
1.678268011914673785e+00,-3.438873986112637393e+00,-9.182471944222245774e-01,-1.667209073321776813e+01
3.887103365988361370e-01,4.199251200920955940e-01,3.711010857626064752e-01,-3.818325170409698099e+00
1.755267306583180087e+00,2.424613654627679526e+00,4.127961489332815925e-01,4.509903798641166972e+00
1.494900779598653529e+00,4.405382418620296114e+00,1.072589123319581894e+00,2.874449270794730538e+01
1.504041043685990342e+00,7.634432332344315064e+00,1.341260819952306838e+00,3.392309450510981605e+01
-1.530577724283659791e+00,-1.090979948693692747e-01,3.871806077629486031e-01,-2.942526532696061459e-01
1.964254675974672404e+00,1.833130990996069354e+00,8.408947033948821481e-01,3.581051344025913608e+01
-8.942840484842404791e-01,-1.001581078889086429e+00,-1.890781971632640376e-02,-2.077644384065679972e+01
6.884804420044945417e-01,5.086087851342763422e+00,1.468762196339818749e+00,2.457275361150119153e+01
1.377227623981410964e+00,-4.233279803502300598e-01,-1.304737768201587600e-01,-2.380331220204348952e+00
7.957701560755443548e-01,8.878422271277710554e-01,-8.732944644821934999e-01,6.595058254659110553e+00
6.889848126631736847e-01,4.908716778203927156e+00,8.636637285769515060e-01,1.589649595336096688e+01
1.239967263583049650e+00,-2.432533905123814399e+00,-5.514883997333043242e-01,-1.275828962586170068e+00
-9.946126372021280027e-02,3.239173263646953238e+00,1.235266593300037297e+00,1.424302026872344129e+01
3.713521452797295952e-01,2.898469218146512816e+00,-1.318860874329747412e+00,-1.847742896868284035e+01
1.096572623203376784e+00,7.018891143117505393e+00,1.885719270487949739e+00,3.258722462467503078e+01
2.069322010456515759e+00,4.553447523960783450e+00,6.664882395141226157e-01,2.252821776631754958e+01
4.674397844189525086e-01,3.043852246050306132e+00,6.771263108626599525e-01,1.410173338379931707e+01
1.353076227796170539e+00,5.706093228882457069e+00,1.029131275642930055e+00,3.226846639277854933e+01
-7.200410251271749384e-01,-1.090979948693692747e-01,-1.724896162121560828e-01,1.122911689296625992e+00
7.954533433338678572e-01,5.525816796622400773e+00,1.354057213906666668e+00,4.817878669724874641e+01
1.947254919189907563e+00,6.236438598220932050e+00,2.077562638529302230e+00,2.690654687624862262e+01
1.281142681415206708e+00,8.124385197298176209e-01,-6.607767133116324576e-01,-6.104303001316302435e-01
1.370043818117283152e+00,-3.363553855027824557e+00,-1.135390972628782968e+00,-1.305947983805324419e+01
1.370043818117283152e+00,-7.523833963605390807e-01,-1.378422353101604880e+00,-3.134113858317726375e+00
1.564850483467080444e+00,3.568631783626377452e+00,-9.243029584254529307e-02,1.410173338379931707e+01
2.375261600001477014e+00,3.889031009977125031e+00,1.633784683908553914e+00,1.814501592721908807e+01
2.375261600001477014e+00,6.560577834417255616e+00,1.635876043642711775e+00,2.835753160189028321e+01
2.535074816722458380e+00,1.016563798568700783e+01,1.434338269750009998e+00,5.166390103975756176e+01
-3.242356974073370424e-01,2.392025436528756988e+00,3.458652886809255866e-01,8.834206920618258962e+00
6.247392830133995378e-01,4.111635755394784097e-01,-4.249758420465830633e-01,4.292975711621638268e+00
1.327762848231025750e+00,7.813725793081267135e+00,3.833013119034878735e-01,2.358003256665473302e+01
2.685172511147142060e+00,7.516742516803542884e+00,1.039454308247363068e+00,3.941308918803547101e+01
1.290595587823054835e+00,1.469374497162525994e+00,-1.179191120446717367e+00,8.060597195381586033e+00
2.156484862071892827e+00,5.944071806105852396e+00,8.131793095548592865e-01,1.366882654448764178e+01
5.251460077087544143e-02,-8.997206595079665359e-02,6.000343988775522774e-01,6.902963937035863751e+00
5.111794581185362674e-01,-1.277470386301802208e+00,-6.522592859837436086e-01,4.444592982697868067e+00
2.366298940614799839e+00,5.958716396666461357e-01,2.108134479676049000e-01,7.951547605834743848e+00
1.861471900624723341e+00,1.440132582992324828e+00,-8.440324413574171736e-01,8.028490409840262743e+00
2.036751556468818780e-01,6.014958749105785429e-01,-3.330081710610270362e-01,-2.842987991506832124e+00
2.024500517904283203e+00,5.086087851342763422e+00,1.128709316314657540e+00,2.392056368610413841e+01
2.159442858245126384e-01,6.604103869645916447e-02,8.135367419845727088e-01,-6.941913512630263128e+00
1.549779912055756492e+00,6.005289468579429801e+00,7.826992979743071510e-01,2.392056368610413841e+01
1.271368060288674329e+00,9.856068276837955722e+00,8.261928713486246245e-01,1.903752738924658772e+01
-2.673958287850755067e-01,-6.259412637494527587e+00,-1.938447797298000097e+00,-1.916001455418219024e+01
1.563972503331174435e+00,5.257328248528378545e+00,3.833013119034878735e-01,2.640723666731970809e+01
2.135541475158950320e+00,6.927313195454999573e+00,1.885719270487949739e+00,4.346857245725090024e+01
-7.790930403192697362e-01,-3.322892610140716574e+00,-1.486268982163250429e+00,-4.292591245372297415e+00
1.227706719930443224e+00,4.075212241303427518e-02,-7.096223117483339005e-01,5.137439956800263774e-01
1.494900779598653529e+00,3.755716620455997301e+00,8.213419656259033363e-01,1.845000829350235350e+01
-1.210660183813849766e-01,-1.209516985131063649e+00,2.602119755386531064e-01,-1.667209073321776813e+01
2.094080300443017517e+00,4.648297109377661496e-01,-2.649914843770078687e-01,-1.775414668820442410e+00
2.375261600001477014e+00,-3.007307484804212727e+00,-5.514883997333043242e-01,7.953480505501233644e+00
1.013562674887831916e+00,8.603275541836897133e+00,1.560108782542872108e+00,4.262330155772815488e+01
2.020082200214631252e-01,8.522698501635019852e+00,1.620500844416701947e+00,1.871131963496694439e+01
1.171443512228958816e+00,1.089154746136161922e+00,-2.754172588931843579e-01,1.131895870952320848e+01
-1.122702838980798479e+00,8.122328884766488954e+00,2.245619520639755784e+00,4.122363627736939407e+01
2.291375311344210353e+00,-8.952566671658734876e-02,-1.499793175206074913e+00,4.203991998763188853e+00
-2.929120288097828428e-01,3.138658523457804606e+00,3.969291757099450146e-01,1.540022202735831947e+01
1.072804573405130801e+00,1.902041542980274169e+00,3.172110869415756262e-01,8.903878662210415129e+00
1.161257752562804502e+00,5.410315539630476955e+00,2.790366767060770692e-01,2.648392502609884502e+01
1.082670529415367566e+00,2.564609371182636544e+00,3.577985133182561284e-01,1.237583623688817269e+01
1.281142681415206708e+00,-2.121778779672141013e+00,-7.617903255441352828e-01,-2.539784752062709927e+00
2.041287749062182577e+00,4.349711775494739641e+00,6.403588958953827515e-01,2.211678903553491082e+01
6.926313376427564172e-01,-3.991709047918502229e+00,-5.336119085507123883e-01,-1.969974333227027330e+01
1.332090778443326018e+00,7.542435860923348834e+00,1.413411508805339167e+00,7.362186672129781506e+00
2.919842684937073995e-01,5.837548082859294496e+00,5.676889565884638555e-01,1.031180278665936889e+01
9.331318948272215863e-01,3.487176017101962788e+00,-1.398420538735700436e-01,1.189092061114980403e+01
1.258988468871883537e+00,1.197646687764682305e+00,4.500109075948900417e-01,1.968464540144021413e+01
8.254222787639816650e-01,6.492003974879643202e+00,1.563179193528563271e+00,3.081859854359684903e+01
2.097304489077081779e+00,3.127268812052422575e+00,-1.939458537605491528e-01,2.575007623340646035e+01
8.409141957129536715e-01,2.102727264399887552e+00,3.607498585496733412e-01,1.391874446885698902e+01
2.309272580790314500e+00,5.340194549646681388e+00,6.461900389287481561e-01,2.655798058530018224e+01
5.302033512884098965e-01,3.628289292253150666e+00,9.110061079235213244e-01,1.783756247604819123e+01
1.224977204246117113e+00,-4.807689138730895095e-01,-1.160653482809794745e+00,-9.130822132141799274e-01
1.196633796134185079e+00,6.615893608466945963e+00,9.160892713437709389e-01,3.226846639277854933e+01
6.932830867030743693e-01,-1.083997421629850022e+00,-1.252957044837409661e+00,-1.445069367067461030e+01
9.542724047588942993e-01,7.813725793081267135e+00,5.546640207921377241e-01,2.162757892152134787e+01
-4.639374734331827010e-01,-6.121289750033453991e-01,-8.429081508458913241e-01,8.143628984635267187e+00
1.614059376100394516e+00,8.455447805779374715e-01,-9.182471944222245774e-01,-1.700212667828666468e+01
4.842856121190115548e-01,5.958716396666461357e-01,1.413411508805339167e+00,7.951547605834743848e+00
8.834618358152066531e-01,2.529549424504316413e+00,8.824908042868011560e-01,1.177654995428393470e+01
1.168125416740138700e+00,1.089154746136161922e+00,3.480400443359857876e-01,4.810632322067372790e+00
-1.709648474584956723e+00,1.167800901258286395e+00,7.874964483410615834e-01,6.706147707388041113e+00
1.378457692799159195e+00,4.780623599502543009e+00,4.606875991048312718e-02,2.445562459728353488e+01
1.446416038312813956e+00,4.421528943501481734e+00,2.958363691381698524e-01,1.975593298601038939e+01
1.552927255667681194e+00,4.581824311378190018e+00,2.602119755386531064e-01,2.718119167277522408e+01
2.588319323353046819e+00,5.347577399288834243e+00,8.386409025443035681e-01,2.657894004519515008e+01
-1.647065426820708556e-01,-4.955327735509860609e+00,-1.537788122466524410e+00,-2.471333818586131770e+01
1.092113921109314045e+00,4.909089582677807151e+00,7.553700396035731846e-01,1.994142690657452022e+01
4.390143994071201705e-01,1.874765677299621291e-01,-6.522592859837436086e-01,-4.487604188928403737e+00
2.909406604314242362e+00,7.842442014112594784e+00,1.262171879972465938e+00,3.829698816338095213e+01
1.614059376100394516e+00,2.437424867245155724e+00,-2.449005516121955384e-01,1.031180278665936889e+01
1.546205121773967850e+00,3.221946863257352689e+00,-4.298542308809331636e-01,1.030293187148276424e+01
1.865658215247959717e+00,2.982898450243177901e+00,5.506520345281691597e-02,1.589649595336096688e+01
8.254222787639816650e-01,-1.394442672179844855e+00,-1.679135379605982914e+00,-5.691882448806494743e+00
1.332090778443326018e+00,1.692300684417247236e-01,7.449219667906947784e-01,1.237583623688817269e+01
1.056363325056211222e+00,6.601952909682780479e+00,2.305042368514547135e+00,1.934153912161771416e+01
-6.207368714768657370e-02,1.218911638645983508e+00,5.686685392076002987e-01,-1.099655089698226540e+01
9.609664532167734308e-01,3.749182054038401546e+00,1.107398234251238733e+00,3.612215120151210357e+01
1.698483930088831695e+00,4.405382418620296114e+00,1.235266593300037297e+00,2.789620351119453545e+01
-2.437113490754849732e-01,1.111264400687973497e+00,5.402883040270093362e-01,3.671985933119519707e+00
1.919544463443330073e+00,2.585552769950397511e+00,-1.875739582270688599e+00,-4.204291504778744581e+00
6.752012189866576364e-01,-2.769362352791718607e+00,-1.263177019125742762e+00,-1.113352640812252936e+01
-1.354163601527151872e-01,-1.798617159269267018e+00,1.232701848426704938e-01,7.724087035006719226e+00
1.964254675974672404e+00,-6.094321536918743121e-01,-2.178223679361127818e+00,-1.934546337342085565e+01
1.951732373863097170e+00,5.042200756143158991e+00,6.763383067440214003e-01,2.469211281102497324e+01
2.306009008280574868e+00,7.628005197140956817e-01,7.467520174142380229e-01,1.572580175121452761e+01
1.353076227796170539e+00,3.201465343903392213e+00,4.506997883774072622e-01,1.968464540144021413e+01
-2.955634143782650547e-01,5.086087851342763422e+00,2.305042368514547135e+00,2.118212782529703020e+01
-2.169769479718492988e-01,3.425196946749490490e+00,1.852852923447228184e+00,1.661759216036682218e+01
-1.114684054518333411e-01,2.709657166712713394e+00,9.948476408136808224e-01,5.578864712298018169e+00
7.392141107571928993e-01,-4.456803686417977417e+00,-1.424539437961691357e+00,-1.151735037900849079e+01
1.378457692799159195e+00,1.016563798568700783e+01,1.768816616200321379e+00,5.186656505457600019e+01
2.169634594162450192e+00,6.573967871437092825e+00,1.319441677084692843e+00,3.050537929568538331e+01
1.467300231239883068e+00,5.837548082859294496e+00,4.238640403906829279e-01,6.627184040002544130e+00
3.030495168166843278e+00,5.614060206936853703e+00,2.108564869011882864e-02,2.854213787208985664e+01
1.224977204246117113e+00,2.958030331313193262e+00,1.843017216343626696e+00,1.366882654448764178e+01
2.036473091904111854e+00,7.018891143117505393e+00,1.071093022842095621e+00,3.873814701354316270e+01
1.949594296073257294e+00,5.753009550399784899e+00,6.771263108626599525e-01,1.264211075386368144e+01
7.244609356220714780e-01,1.167800901258286395e+00,-3.738289520051777948e-01,8.028490409840262743e+00
9.013632375857039136e-01,1.698923977214566117e+00,-1.163121642838955472e+00,7.455790691771385426e+00
2.186361075341421767e+00,5.007115757675443035e+00,1.143814272465669246e+00,2.046579253178645175e+01
1.784884491409684859e+00,1.751459363505536437e+00,-1.875739582270688599e+00,6.352006784334465195e+00
-8.752174279931534961e-02,-1.277470386301802208e+00,-2.711375015530193555e-01,2.783851394429390780e+00
1.603122709733460827e+00,8.685263018133911217e+00,1.534696888540913129e+00,3.258722462467503078e+01
3.444992223123876096e-01,-9.673754239301729507e-01,3.100885417141620581e-01,2.696530596078737574e+00
2.020082200214631252e-01,3.221946863257352689e+00,6.550390872892448701e-01,4.727743042780158333e+00
-1.401132550174581493e+00,-6.259412637494527587e+00,-7.223872186363953229e-01,-2.392708820828400462e+01
2.306009008280574868e+00,7.719842940702129397e+00,1.304665734664548493e+00,2.655798058530018224e+01
-1.132377593194373144e+00,6.868780261524862762e-01,5.546640207921377241e-01,2.999875351572112159e+00
7.117369828634263484e-01,-5.351445607138427540e-01,-2.821389368588825830e-01,6.595058254659110553e+00
2.235053752779069036e+00,5.525816796622400773e+00,3.269568412902823518e+00,5.457664093006175676e+01
-7.200410251271749384e-01,-7.523833963605390807e-01,-8.171390437060645218e-02,-6.518420589403958409e+00
-1.472704909173236487e+00,-1.277470386301802208e+00,1.277189784720306864e+00,-5.920490100454284921e+00
5.232708007539754735e-01,-4.447486981204777479e+00,-1.622237491493524475e+00,-2.032994045947299711e+01
-2.738767149859107075e-01,-7.283599366012031284e-01,7.577941842886632973e-01,6.887807477713949744e+00
1.672472376061462818e+00,-1.319584754846780728e+00,-9.461868967771692729e-01,-4.204291504778744581e+00
1.582969758092329204e+00,3.569522512938288372e+00,6.390159886030644110e-01,1.572580175121452761e+01
3.236501790398293998e-02,1.443631294619107663e-02,-1.101074340372972804e+00,-7.152994917646424700e-01
1.300778988922755008e-01,-4.894747328390364416e+00,-1.815168071304888553e+00,-1.227657214463275359e+01
2.320676274834498898e+00,5.019667241518653178e+00,3.227741859211337716e-01,2.315390748198806037e+01
2.036473091904111854e+00,5.041481717153468267e+00,5.680830310197230171e-01,2.392056368610413841e+01
3.264394636281219286e-01,5.958716396666461357e-01,1.015876040222023713e+00,9.801005821562295495e+00
2.250654081673642892e+00,6.014958749105785429e-01,-1.675764362470667512e+00,1.103827195146812601e-01
-1.696695538172989792e-01,-4.488158818841347375e-01,-1.696556559122282815e-01,-1.275828962586170068e+00
-1.112435836597313710e+00,7.916913925341786396e-01,-4.104940247133210263e-01,3.069882045607733811e+00
2.458635535463220556e+00,3.510478930891198779e+00,-2.028386958003760288e-01,6.960578339082951871e+00
1.051061255977031816e+00,-3.889355829216172289e-01,-1.160653482809794745e+00,-1.026318813117141904e+00
1.075597737508777740e+00,8.275250733393789915e+00,1.262171879972465938e+00,3.941817901443876337e+01
1.672472376061462818e+00,-1.965608763704167705e+00,-1.771123518859560875e+00,-8.051190151230752434e+00
7.626395327136541447e-01,1.790862891879029473e+00,-5.697264003353622736e-02,-1.383488017813545357e+00
4.386247269589171882e-02,6.276457781827733839e+00,1.238333563508305701e+00,3.257305556080805076e+01
7.944078124615598924e-01,3.649851167117832862e+00,7.364875296388126991e-01,1.501474964284532909e+01
1.276386719742838682e+00,-1.319584754846780728e+00,-9.528463931831283595e-01,-2.354029545409200619e+00
1.022362693381536181e+00,2.493070103904257095e+00,-4.543490124421942222e-01,7.892666078896112936e+00
2.156484862071892827e+00,6.785570531447872256e+00,1.128888371059795892e+00,3.409845931283113174e+01
-3.199421084142488603e-01,2.859216336211784171e+00,1.505411506313636627e+00,2.445562459728353488e+01
4.912878971091677593e-01,1.297851744929402917e+00,6.789386068178235867e-01,2.162757892152134787e+01
7.357153237508291532e-01,3.277321707757640645e+00,6.771263108626599525e-01,1.737619841600648485e+01
-3.886324413083708240e-01,-1.230686598208193594e+00,2.812313221410471797e-01,-6.518420589403958409e+00
5.596940952344833242e-01,2.424613654627679526e+00,5.581435611864734581e-01,1.089337845656091197e+01
1.871023668113491301e+00,3.239173263646953238e+00,2.838007771144360203e-01,1.424302026872344129e+01
8.841658059539126979e-01,4.328320147913835569e+00,3.458652886809255866e-01,1.589649595336096688e+01
2.366955702548817486e-01,8.136289905641829190e-01,-2.988789030822848747e-01,-2.419799826168921797e+01
3.276046857746326424e-01,-5.008717396630952834e+00,-3.426874602128017755e-01,-2.558866004107473913e+01
-1.386411647424834470e-01,2.931038544086123299e+00,2.602119755386531064e-01,3.671985933119519707e+00
5.232708007539754735e-01,-2.701605711549234456e+00,-7.373084507291756129e-01,-2.528897512811505877e+01
1.156505977424627352e+00,5.787346211087169401e+00,9.196094527140752373e-01,2.818894265365029383e+01
1.239967263583049650e+00,-2.701605711549234456e+00,-1.761097597253665548e+00,-2.003483195155544649e+01
2.455389849781602685e+00,7.754631826008606232e+00,3.269568412902823518e+00,5.896882760917009847e+01
-9.408597742990998380e-01,-1.164036518802727738e+00,-6.268677580935726468e-01,-5.138661506338130458e+00
1.741396076916706281e+00,-7.283599366012031284e-01,-6.688147054841614425e-01,1.199228475587787379e+01
1.227706719930443224e+00,4.628434326218388684e+00,1.601134000353157560e+00,2.213235272589280100e+01
3.276046857746326424e-01,-3.488126328610924975e+00,-1.925567666088196406e+00,-1.662616280216897380e+01
8.582346994718967892e-01,1.085067174429316772e+00,-3.708912487983194728e-01,-1.700212667828666468e+01
3.772721993916984262e-01,-4.032074253278882914e+00,-1.862994442847776044e+00,-1.887283505189227739e+01
1.439605828461502535e+00,1.725417329393301058e+00,-5.399516278062969077e-01,1.513857272238911911e+01
-1.112435836597313710e+00,-5.864949553778736613e-01,-3.397052879073271248e-01,-7.695263425498365395e-01
5.638466155929811041e-01,7.603765056120395549e+00,1.885719270487949739e+00,2.518930939004285463e+01
-7.790930403192697362e-01,8.124385197298176209e-01,7.716066718899718124e-02,-1.417860570216101124e+00
1.166300190506139645e+00,1.534719366746477798e+00,-3.763705369397703920e-02,9.775303043299532035e+00
6.322747946258056029e-02,4.421528943501481734e+00,7.826992979743071510e-01,2.109219377872224754e+01
-3.860572439361131813e-02,-2.852260352246907882e+00,-7.352289547246929624e-01,-1.445069367067461030e+01
-2.050020635151044157e-01,-1.312237427598914152e+00,2.576228917526743323e-01,-4.828744662068755744e+00
7.610840067797748354e-01,6.581602813371268290e+00,1.202359344574154720e+00,3.303526303263468833e+01
1.618365384375548555e+00,7.603765056120395549e+00,7.011575491560249063e-01,2.934326508014343560e+01
1.534876638274007110e+00,2.959689179445379015e+00,-4.274874045742600992e-01,1.410457748846113191e+01
7.536516055663933233e-01,3.281415998336248419e-01,3.480400443359857876e-01,-1.383488017813545357e+00
1.099498116575867934e+00,5.276654542628216760e+00,1.141801621084132939e-01,2.501918186406586742e+01
1.180168294964777820e+00,-3.734796958321161320e+00,-1.895154209146750368e+00,-1.751209167692347890e+01
2.909406604314242362e+00,6.093550979606924933e+00,6.532064829528837491e-01,2.880825022770242683e+01
-5.455393514459261350e-01,2.855665871474186268e+00,5.051684375968169549e-01,1.349536502620236611e+01
2.276119475791809066e+00,4.405382418620296114e+00,7.449219667906947784e-01,3.248707025883630450e+01
4.422033269322014348e-01,-1.135940204775791607e+00,-6.522592859837436086e-01,8.967594763969614746e+00
1.374074918204495788e+00,5.844099212476365324e+00,1.349031508631527210e+00,2.797244326142392268e+01
2.483429641670576338e+00,8.522698501635019852e+00,-2.730136081387392055e-01,2.575007623340646035e+01
8.841658059539126979e-01,7.219189115477309571e+00,1.676574799235110103e+00,3.248707025883630450e+01
-7.171787261840862904e-01,-1.230686598208193594e+00,-8.946127877557501218e-02,-2.976079333141596450e+00
9.740611484888516136e-01,4.909089582677807151e+00,1.202359344574154720e+00,1.572580175121452761e+01
-1.929167292414324386e-02,-1.245897852774639158e+00,-4.654580960800091538e-01,-7.397528548365482237e+00
5.519030872519112840e-01,-2.828599734422065914e+00,-1.895154209146750368e+00,-2.996277483319980561e+01
-1.112435836597313710e+00,6.835905237532897694e-01,3.403925626921779912e-01,-2.976079333141596450e+00
1.332090778443326018e+00,-3.431007424110303017e+00,-8.174651478639481939e-01,-2.372655403570590682e+00
6.889848126631736847e-01,4.078696578447403631e+00,8.004817209419561319e-01,9.801005821562295495e+00
-1.647065426820708556e-01,-4.456803686417977417e+00,-3.426874602128017755e-01,-1.917808970887158537e+01
1.325028025355192929e+00,3.195639991039499250e+00,2.798705731696592425e-01,1.533487636404612076e+01
1.387260770407011234e+00,2.808249095524652628e+00,6.201189513469659333e-03,1.662097897558628645e+01
7.610840067797748354e-01,2.855665871474186268e+00,7.577941842886632973e-01,6.243257838253247094e+00
1.440655257805307343e+00,2.754333021310965357e+00,-4.662290342692362866e-01,1.396607759662019710e+01
2.762824777111632102e+00,4.443639432694767244e+00,-6.877367476989724171e-01,2.233115903636563004e+01
2.685172511147142060e+00,4.263861284309102828e+00,-1.860376857513075868e-02,2.049787283800000992e+01
2.909406604314242362e+00,8.175219183972389558e+00,3.397428503836244507e-01,3.064925932536605657e+01
1.786074249672177316e+00,2.510721817068517492e+00,2.006195643406545603e-02,1.358563413787047125e+01
-9.946126372021280027e-02,2.651157965943021999e+00,3.860629598857284184e-01,2.589552172744130587e+01
9.901910122862691566e-01,-6.121289750033453991e-01,-4.863333392000457334e-01,5.137439956800263774e-01
1.083597191705057083e+00,4.349711775494739641e+00,1.238333563508305701e+00,2.045643062040064919e+01
1.789261636731381166e+00,-2.182973341113500165e+00,-1.103235356846697268e+00,4.270687708004117233e-01
-2.140741399481935758e-01,3.593425506807529146e+00,1.505411506313636627e+00,1.467518054951057671e+01
1.363882003646055940e+00,3.744864459524348099e+00,-9.578118324793486460e-01,1.064304100963786581e+01
1.116766382507150768e+00,1.534719366746477798e+00,2.316414396600076364e-02,9.775303043299532035e+00
1.998918515092638071e+00,1.071442788043955430e+00,-3.094678197577309109e-01,4.727743042780158333e+00
7.436460350986984214e-01,-6.435234636883396808e-02,-1.004676104924218383e-01,1.152631736044637378e+01
1.910423656673616577e+00,7.265633457566595510e+00,1.594826696896528784e+00,3.375400431903291576e+01
1.135643735891287642e+00,6.980329331510167767e-01,-8.429081508458913241e-01,-1.941792132340406374e+00
9.769133877516881226e-01,3.170120695004163824e-03,-8.839758917406592698e-01,-1.380430134437408185e+01
-9.288594424341378719e-02,5.958716396666461357e-01,1.202359344574154720e+00,1.089337845656091197e+01
-1.405545259970981675e-01,2.015516466181516364e+00,3.613302572848263172e-01,1.958610733403238990e+00
8.870536906557446866e-01,2.986601451196342349e+00,3.458652886809255866e-01,1.901131140407214914e+01
-2.163912988863869735e-02,-1.010934110002049691e+00,-1.263177019125742762e+00,-6.423531681424812234e+00
2.569357445821393249e+00,4.858506031803376146e+00,-9.243029584254529307e-02,1.661759216036682218e+01
1.018253091676416311e+00,8.198009997731151799e+00,9.756064540733646595e-01,4.028945797420460195e+01
7.117369828634263484e-01,-3.359746796857834727e+00,-1.622237491493524475e+00,-9.572605262660923486e+00
3.713521452797295952e-01,-2.828599734422065914e+00,-2.844879319422910502e+00,-1.227657214463275359e+01
2.036473091904111854e+00,1.026492753552924242e+01,1.560108782542872108e+00,5.896882760917009847e+01
8.299839089004386050e-01,6.560577834417255616e+00,1.768816616200321379e+00,3.200104547837966606e+01
8.419791151904020277e-01,1.902041542980274169e+00,1.011777914810434220e+00,4.509903798641166972e+00
7.845738086198104089e-01,1.660928000181560282e+00,2.838007771144360203e-01,6.351944433793708100e+00
2.064464768537569661e+00,-2.391942987728072012e+00,-1.257239035400164573e+00,-1.032029362654269278e+01
1.063386177307643843e+00,1.971923477988163143e+00,7.202159537245030885e-01,1.737619841600648485e+01
8.409141957129536715e-01,1.535450584537327412e+00,-1.939458537605491528e-01,-7.226900473298137229e+00
-4.630291459740549787e-01,2.176770623792125381e+00,1.253259131809094651e+00,8.903878662210415129e+00
-1.929167292414324386e-02,3.744864459524348099e+00,2.838007771144360203e-01,3.587705774334625008e+00
9.695996101316327609e-01,-5.636780895885016296e-01,-9.811011132714329008e-01,-1.267565054197312691e-01
1.786074249672177316e+00,1.202483263094985766e+00,-3.397306845353706972e-01,7.822633483299044954e+00
1.092113921109314045e+00,-1.135940204775791607e+00,-6.637758865165963584e-01,7.559329633888979494e+00
-6.207368714768657370e-02,-1.417400194584556461e+00,-5.786248677712771959e-01,-7.583173988849758906e+00
1.504041043685990342e+00,8.086819152866430827e+00,1.552556609338765048e+00,2.518930939004285463e+01
8.867114817139117866e-01,-8.997206595079665359e-02,7.874964483410615834e-01,2.458309749570566360e+00
1.553263543254610468e+00,2.056686719665758556e+00,5.037161082138160717e-01,9.800413167026990280e+00
1.612176089818056379e+00,2.770850420164507888e+00,-9.972615323712177293e-01,-6.104303001316302435e-01
1.009353560019670804e+00,-6.429047429839346961e+00,-1.263801340341899060e+00,-2.955849606762873449e+01
1.879045704378494275e+00,6.526302810313012515e+00,1.235266593300037297e+00,2.046579253178645175e+01
1.316578792350659111e+00,2.945825263665753369e+00,7.467520174142380229e-01,7.252972459560569796e+00
1.180168294964777820e+00,-2.664085813009905657e+00,-1.878792486603869438e+00,-4.880777282033938747e+01
-2.929120288097828428e-01,3.218605248393339835e+00,-1.039312171592877976e-01,9.380799047887643738e+00
8.409141957129536715e-01,-9.583729585106048887e-02,-9.749503219807271748e-01,6.352006784334465195e+00
9.989945605664437567e-01,3.527837174657234343e+00,7.592710809158533802e-01,1.589649595336096688e+01
1.343581309768711041e-01,-7.283599366012031284e-01,3.607498585496733412e-01,6.591707610650882287e+00
1.166300190506139645e+00,3.733828326623759963e+00,8.135367419845727088e-01,1.839625482843000270e+01
1.998918515092638071e+00,3.852486651668638906e+00,-3.125315007399469547e-01,2.109219377872224754e+01
1.424393308575620409e+00,7.667484549447236564e-01,-8.429081508458913241e-01,-2.826420963696592459e+00
1.547402977700118365e+00,2.942217213412634980e+00,-8.691887473246967533e-01,-7.226900473298137229e+00
2.762824777111632102e+00,8.140472618392195159e+00,1.195535736011664518e+00,4.025663822218371024e+01
9.331654641902995539e-01,1.167800901258286395e+00,-2.176344430304855415e-01,3.587705774334625008e+00
-4.490171926306179007e-01,-1.687232556953942586e-01,-6.840768674112582826e-01,-9.332853120107646561e+00
6.295402858216245789e-01,-5.636780895885016296e-01,-4.402392553259840136e-01,-2.826420963696592459e+00
1.258988468871883537e+00,3.527837174657234343e+00,4.868872517352202944e-01,2.005032619594074106e+01
1.271368060288674329e+00,6.744808713074889717e+00,1.895307085966281280e+00,3.235645080520573202e+01
1.290595587823054835e+00,-1.338308648036292681e+00,-7.227258710859815194e-01,-2.826420963696592459e+00
2.581708996445635229e-01,7.719842940702129397e+00,1.903976304440073486e+00,2.797244326142392268e+01
3.236501790398293998e-02,-1.312237427598914152e+00,-6.474365887329754932e-01,1.407415699633066231e+00
9.889396116596205211e-02,2.959689179445379015e+00,8.135367419845727088e-01,1.048298358356450599e+01
8.582346994718967892e-01,3.762822331529857678e+00,3.505724830310775336e-02,2.348470572183495264e+01
1.951732373863097170e+00,7.542435860923348834e+00,3.397428503836244507e-01,1.366882654448764178e+01
9.331654641902995539e-01,2.027715350508779935e+00,1.398264643920990702e+00,2.585215142349643713e+01
4.842856121190115548e-01,2.692172555505119913e+00,2.305042368514547135e+00,1.264211075386368144e+01
-6.054062270001869805e-02,6.868780261524862762e-01,6.060193614280691143e-01,-2.380331220204348952e+00
2.003883496522210983e+00,3.563749991755131852e+00,1.468114457591565225e+00,2.762973257266123639e+01
6.322747946258056029e-02,1.640013541615003678e+00,-6.415679965865306311e-01,9.598055907110813578e+00
1.196633796134185079e+00,7.306913233903719274e+00,1.470009481772101001e+00,3.392309450510981605e+01
7.886978720985166058e-01,1.167800901258286395e+00,-8.397157568532995775e-01,8.967594763969614746e+00
1.390691713358956916e-01,2.352497728565551505e+00,4.633669918611576510e-01,1.152890735936591327e+01
1.101460630825700449e+00,1.285427046963800723e+00,4.500109075948900417e-01,1.505557228711932183e+01
-9.431258896434471239e-01,-8.338664470246769156e+00,-1.430653738147062759e+00,-4.225348314141245254e+01
4.386247269589171882e-02,1.640976711004937361e+00,-1.171584585854454241e+00,-4.880777282033938747e+01
1.135276787122117881e+00,8.122328884766488954e+00,2.077562638529302230e+00,3.235645080520573202e+01
5.376476219238219834e-01,-3.414810524514589218e+00,-4.291079264418866113e-01,-1.700212667828666468e+01
1.684415576078472032e+00,-1.803359841987122847e+00,-1.381137500430730025e+00,-6.567210736158056505e+00
4.189980002211646237e-01,1.071442788043955430e+00,-3.028018446848494971e-01,1.116244751505479016e+01
4.386247269589171882e-02,4.243654275047477498e+00,-8.171390437060645218e-02,-3.818325170409698099e+00
2.653581120443368135e+00,-3.186439749459644144e-01,-4.780781165202068750e-01,9.717224704036814487e+00
2.367148428203153188e+00,4.026391083150361538e+00,3.969291757099450146e-01,2.139214147118655518e+01
7.117369828634263484e-01,7.916913925341786396e-01,-5.495320665874682264e-01,-2.450082991265579935e+00
-5.279471472121044506e-02,2.160887447749265888e+00,7.177377418097929951e-01,1.297669579102863580e+01
1.271368060288674329e+00,1.634822327778474360e+00,-2.247595954352641812e+00,8.143628984635267187e+00
1.618365384375548555e+00,7.516742516803542884e+00,1.703538669833460473e+00,3.827492048162682181e+01
5.111794581185362674e-01,1.289610632572020910e+00,-8.083919155896002184e-01,8.652430946480212270e+00
-3.542327789160726326e-02,-1.367345476257620485e+00,1.480112715191826078e+00,2.233115903636563004e+01
1.374074918204495788e+00,7.516742516803542884e+00,1.768816616200321379e+00,4.817878669724874641e+01
1.501199036044359225e+00,-3.359746796857834727e+00,-1.486268982163250429e+00,-1.377775343393515861e+01
2.685172511147142060e+00,6.560577834417255616e+00,5.680830310197230171e-01,3.656592345180775538e+01
4.386247269589171882e-02,3.192939180747405015e+00,-5.920654459821650395e-01,3.478285081610668072e+00
2.985749990896170658e+00,5.019667241518653178e+00,-1.039312171592877976e-01,2.431326179714728042e+01
7.626395327136541447e-01,-1.162349998547660856e+00,-3.585698906178134138e-01,-1.380430134437408185e+01
9.421249139705689668e-01,-1.405184440519340772e+00,-1.160653482809794745e+00,-1.380430134437408185e+01
1.116445576503231063e+00,2.570579392144630049e+00,6.908567552058166861e-01,2.233115903636563004e+01
8.579318825495808598e-01,1.114691038321607319e+00,-2.848780567481962733e-01,7.724087035006719226e+00
1.789261636731381166e+00,5.128559452916802819e+00,7.467520174142380229e-01,1.664833796576057168e+01
-6.331417124207860958e-02,1.874765677299621291e-01,-3.259680185288522658e-01,-4.323175920807166506e+00
1.184149576283855643e+00,2.437424867245155724e+00,-1.289299801244192245e-01,1.256636962440049032e+01
1.374074918204495788e+00,4.871145641024028805e+00,3.833013119034878735e-01,2.456910097987853092e+01
1.439605828461502535e+00,-2.182973341113500165e+00,-1.163121642838955472e+00,1.909341710500449096e+00
1.147742443239466281e+00,4.867412409289975983e+00,-2.230235468013085087e-02,9.717224704036814487e+00
2.625950221930470896e+00,3.145256934119615266e+00,-3.125315007399469547e-01,3.128387951280833690e+01
6.042616646886296294e-01,-1.225455300493760280e+00,-7.599736814092575843e-01,-3.134113858317726375e+00
1.526703612577574809e+00,2.352497728565551505e+00,2.778147210360619179e-01,6.243257838253247094e+00
1.353076227796170539e+00,5.120784424103694832e+00,7.738464909504947364e-01,2.358003256665473302e+01
1.629569429603181518e+00,-6.435234636883396808e-02,3.711010857626064752e-01,2.458309749570566360e+00
-1.567700266585581925e+00,-5.537744517614765272e+00,-6.592994116102505187e-01,-2.818078772488889427e+01
2.423952625835080532e+00,5.787346211087169401e+00,7.011575491560249063e-01,2.333645603386670686e+01
1.618365384375548555e+00,8.467054917415367754e+00,1.485717726160775687e+00,2.690654687624862262e+01
-9.102490240546301514e-02,-1.803359841987122847e+00,-4.780781165202068750e-01,-7.397528548365482237e+00
1.685998841781035873e+00,6.573967871437092825e+00,1.257754873659617356e+00,3.377507394410877595e+01
-2.386820962301525739e-01,-1.397414817336355419e-01,1.100080179653450951e+00,-4.528196139858465807e-01
1.035685865084577717e+00,5.224836299344621793e+00,1.126751873447757513e+00,2.466222341447483402e+01
1.541678749044836483e+00,9.460910052109320345e-01,-8.839758917406592698e-01,-5.920490100454284921e+00
